address,label
0x00192fb10df37c9fb26829eb2cc623cd1bf599e8,0
0x002e08000acbbae2155fab7ac01929564949070d,0
0x004e6f03648b0b0f529511697b0f36a463a24836,0
0x0068eb681ec52dbd9944517d785727310b494575,0
0x00832a758a781055ac19b5f9bf553db8bb9db32d,0
0x00eb6f5199cd0b671da371969b1a0f948e982fea,1
0x01091506ce9f1977a660c5ad4915cbd89e4e1a49,0
0x018f2f4b3c9e38607aa7ab4dea23e9d663e3e050,1
0x0211f3cedbef3143223d3acf0e589747933e8527,0
0x024c344da7208e60356378a252dab771c34be111,1
0x0324a5f6289e647baf88d9c96c331cf964220ce8,1
0x03b70dc31abf9cf6c1cf80bfeeb322e8d3dbb4ca,1
0x03bdf69b1322d623836afbd27679a1c0afa067e9,0
0x043375ebc36fff7a4fcef1359f3c89afddf56e08,1
0x04668ec2f57cc15c381b461b9fedab5d451c8f7f,0
0x0536806df512d6cdde913cf95c9886f65b1d3462,0
0x05f51aab068caa6ab7eeb672f88c180f67f17ec7,0
0x0681d8db095565fe8a346fa0277bffde9c0edbbf,0
0x06b8c5883ec71bc3f4b332081519f23834c8706e,0
0x07cfb04588154b06e3958b5d70408244102014d5,1
0x081edbef6106ab1253557451b261c1c99bade726,0
0x0861fca546225fbf8806986d211c8398f7457734,0
0x08986f5cecd3cb8882e4a34a16961e3124377291,1
0x0967c50bfec4dba06e28e8fdbcfd15a23474fab4,1
0x09ab1303d3ccaf5f018cd511146b07a240c70294,0
0x0a73573cf2903d2d8305b1ecb9e9730186a312ae,0
0x0a869d79a7052c7f1b55a8ebabbea3420f0d1e13,0
0x0a888f0f0b772e17a2adfd62d3f15cec72c8d42f,1
0x0c4762bc7b1af1dc9448a827f53861c118b712de,1
0x0c4b367e876d18d5c102023d9240dd7e9c11b380,0
0x0c9d1b3ca852c67bbeabeeb51e9482a845d56868,1
0x0d6b5a54f940bf3d52e438cab785981aaefdf40c,0
0x0f4cf489c65f5001843c525e1f374768dcad9b99,1
0x1056d8d9ebb0e0d8710a0e2a1852d4a09d56464a,1
0x1062a747393198f70f71ec65a582423dba7e5ab3,0
0x10c44ab858b90e09c725158906f71833ff417acc,1
0x1119aaefb02bf12b84d28a5d8ea48ec3c90ef1db,0
0x1151314c646ce4e0efd76d1af4760ae66a9fe30f,0
0x118db57c34621acd0a91f02c8c18cd1a3ad7c213,1
0x11e63fa9256c37d100b6786569663b116480f92a,0
0x120a270bbc009644e35f0bb6ab13f95b8199c4ad,0
0x122c7f492c51c247e293b0f996fa63de61474959,1
0x126d407584cf73ba5d15102bab0e578a64cca3f1,0
0x14b30f257c2737370203a15aa343c2b600dfb675,0
0x151255dd9e38e44db38ea06ec66d0d113d6cbe37,0
0x15a99893dc47bfae5b06e9b4c8941aaca60f8af5,1
0x15c19e6c203e2c34d1edfb26626bfc4f65ef96f0,0
0x1691b2f9986598e12c57aba5be50ebd5346247e0,1
0x1706024467ef8c9c4648da6fc35f2c995ac79cf6,0
0x179b553f677766183e7cd2ae8c148ace69db7cdd,1
0x181c71726f12ce2514e8b93019eb22645a79f966,1
0x199eee5b6ca1aaf030c77f0b5c50e39908fd2072,1
0x19bfd8a539ca899983b30e1d1c3370ac03d6b7ab,1
0x19c1f4d2cf1606d1ba3030aef48b96e56bc92a6a,0
0x1afa01d567434482dcb3ea955b39778589176247,1
0x1b6c1a0e20af81b922cb454c3e52408496ee7201,0
0x1b8ee5cb5520ea3d12f64a8973c2a4f0cbcb1564,1
0x1b93129f05cc2e840135aab154223c75097b69bf,0
0x1c4b70a3968436b9a0a9cf5205c787eb81bb558c,0
0x1d1bd550197c7c0787b9ad0aea9c1cca66ee0e90,0
0x1dcb8d1f0fcc8cbc8c2d76528e877f915e299fbe,0
0x1e0a8374a6c63acaaf4c020cce65c30e855b2b71,1
0x1f3df0b8390bb8e9e322972c5e75583e87608ec2,0
0x1fd6267f0d86f62d88172b998390afee2a1f54b6,0
0x2140efd7ba31169c69dfff6cdc66c542f0211825,0
0x2149cbdd59b50bef9a264914b441f917dc9c7d55,0
0x2276f412d2ae5dc2cdc293b0df70a8273f6f6771,1
0x22c6731a21ad946bcd934f62f04b2d06ebfbedc9,0
0x23397c5d9c6363d67b3a294b677f80f93949bf56,1
0x236f9f97e0e62388479bf9e5ba4889e46b0273c3,0
0x23b61de5076526b3a1026491157c6df731ae8b61,0
0x243bec9256c9a3469da22103891465b47583d9f1,0
0x249bdb4499bd7c683664c149276c1d86108e2137,0
0x274df34325ca19627e5e587c48b7e77dfc4b9cc6,0
0x274f3c32c90517975e29dfc209a23f315c1e5fc7,0
0x28184d2f5e2a47fcd5e528230d18cc3eb2cd0a6d,1
0x2819c144d5946404c0516b6f817a960db37d4929,0
0x28ebe764b8f9a853509840645216d3c2c0fd774b,0
0x2910543af39aba0cd09dbb2d50200b3e800a63d2,0
0x2984581ece53a4390d1f568673cf693139c97049,0
0x29c3adf6f50e2186c21f5ebb1ac073115831286e,1
0x29d7d1dd5b6f9c864d9db560d72a247c178ae86b,1
0x2a048d9a8ffdd239f063b09854976c3049ae659c,0
0x2a65aca4d5fc5b5c859090a6c34d164135398226,0
0x2a98776c7e13ed1c240858bd241dcf95fc1928b4,0
0x2af0b9190aa127c1989886670481381b5b549985,1
0x2b3b67c6dffc2bcdda2315491eac9bbe868fbcdd,0
0x2b5634c42055806a59e9107ed44d43c426e58258,0
0x2bb97b6cf6ffe53576032c11711d59bd056830ee,0
0x2bbe1297d729bc7f7558afb43404f0f0a544d206,1
0x2cc762c27a50d18e50efcd3bee9e3154e3bb094d,1
0x2d301d74a8d303da6408cc2dfda319bbeb48c125,1
0x2eb045d518290aca828046641d29f605ead1a283,1
0x2f1233ec3a4930fd95874291db7da9e90dfb2f03,0
0x2fa2bc2ce6a4f92952921a4caa46b3727d24a1ec,0
0x3013d62a7357021259c3ee463ec9fbc64de7ba76,0
0x3052cd6bf951449a984fe4b5a38b46aef9455c8e,0
0x311e8fbacc2ec05793e14319ef0006f7a7516cba,1
0x31a2feb9b5d3b5f4e76c71d6c92fc46ebb3cb1c1,0
0x32be343b94f860124dc4fee278fdcbd38c102d88,0
0x33683b94334eebc9bd3ea85ddbda4a86fb461405,0
0x346b909240978658ec69c3f6e0d7cbef50bc3c79,1
0x34743ffa1f93e745668725e44efeb3c50a237796,1
0x354d4f3eb48be676a030f98e2a6c5bc06b96e249,1
0x35f61dfb08ada13eba64bf156b80df3d5b3a738d,0
0x3613ef1125a078ef96ffc898c4ec28d73c5b8c52,0
0x3614e0bba4679c95daa45201821cd212f9164205,1
0x368be389ce940bf17c3296344086e368bc4c60f3,1
0x36b01066b7fa4a0fdb2968ea0256c848e9135674,0
0x36be38dab57631aae070b8977daa35d6de1ab8a0,0
0x36e6dadc5a045a86dbc9ecfeda5c459784d3537f,0
0x379ce20c018fb6301c1872c429ec7270ffa4dc5b,1
0x38b9dafe93f0b3ab7d35ac42165b73c0f3c5fd8c,1
0x390de26d772d2e2005c6d1d24afc902bae37a4bb,0
0x3a878eddb991ebcbc7c8052055b2e5ed5d0d1ba4,1
0x3b0bc51ab9de1e5b7b6e34e5b960285805c41736,0
0x3cf5b9484ab874af65ebf7713337a03814538b0d,1
0x3e5dcce17765928400ee4a4b8905e1dd9f42a00f,0
0x3eadb407f81d62d27f63a8881805b1735f70e692,1
0x3f2cf669c657316985b01b1b797cb259c97d6551,1
0x3f5ce5fbfe3e9af3971dd833d26ba9b5c936f0be,0
0x3fdd0bb90f7bb6fcf58b35865d4744df8ef30404,1
0x4073aa0f9885bbe59895a27158bbe865052678b8,1
0x41467711f2d1f6021119ffb113ae0e78251b45fa,1
0x4182d887fb4fba8cd49e9f50908c13c761080ec5,1
0x420feb48dbb9fd6bd2b93da8770d8d3eb3e8cc6f,1
0x433022c4066558e7a32d850f02d2da5ca782174d,0
0x438e4bf92d25bced517ec3aa211a8e453e3ad80a,1
0x44fcfabfbe32024a01b778c025d70498382cced0,0
0x44fd3ab8381cc3d14afa7c4af7fd13cdc65026e1,0
0x45f7582fd6445918912977b9460475b5524cf962,1
0x464b0b37db1ee1b5fbe27300acfbf172fd5e4f53,0
0x46705dfff24256421a05d056c29e81bdc09723b8,0
0x46791beea3b9138f03d312801887d907830dce51,1
0x47c439c8784b44366735fc2cfe08228cb91d5b8e,0
0x47c8f28e6056374aba3df0854306c2556b104601,0
0x4810b1571775dd861c61d87fbea1008e030a8ddf,1
0x48d466b7c0d32b61e8a82cd2bcf060f7c3f966df,0
0x4910e010ebf5b3366d1e80a134c1fa538ff7994c,1
0x497e4c58a4106fee817e3bece3c5c029e964eb49,1
0x4a8d9b64ee9c7e058fe9c8cbf96375b02da006e2,1
0x4b01721f0244e7c5b5f63c20942850e447f5a5ee,0
0x4b1a99467a284cc690e3237bc69105956816f762,0
0x4b60b53a6edcd75f0730ecc22579df2079f210b0,0
0x4b729cf402cfcffd057e254924b32241aedc1795,0
0x4bb96091ee9d802ed039c4d1a5f6216f90f81b01,0
0x4bc2055440dd519fa4d448d2d6899e6604aaedc5,1
0x4c549990a7ef3fea8784406c1eecc98bf4211fa5,0
0x4cead27a6a2aaedaa44d35d8bf2a2c9370abbe6a,1
0x4d8f7cfae437d2c3aa63827be98a3dbd1bd9edf5,1
0x4df5f3610e2471095a130d7d934d551f3dde01ed,0
0x4e4e23ac3c11789e23169025503ea4373b01417b,0
0x4e5b2e1dc63f6b91cb6cd759936495434c7e972f,0
0x4e9ce36e442e55ecd9025b9a6e0d88485d628a67,0
0x4fbc4c6c416a84e04b2239202396f378d7af51ee,1
0x5093c4029acab3aff80140023099f5ec6ca7d52f,1
0x51836a753e344257b361519e948ffcaf5fb8d521,0
0x521db06bf657ed1d6c98553a70319a8ddbac75a3,0
0x52bc44d5378309ee2abf1539bf71de1b7d7be3b5,0
0x52beed3924b0824411d03ea2fe51e429717dcf10,1
0x52bef206e8e0403cd60d37e48f4f3860d9545556,1
0x52f13e25754d822a3550d0b68fdefe9304d27ae8,0
0x535237df0f05adf29fa878ebd0a60222d0625bb7,1
0x537397e3a68584e05e332d2ba75340e37012f50a,0
0x548ac87629ceb858aa09b419f5b9898ec5735fba,1
0x54b623c82365ef20680b17301bd949bcd5599eb9,1
0x5574754c7cb6618d0079065bfabdc46f31bc7a32,0
0x5580fb6e95230bf16ae7e2c6467d11566ed5b3ea,1
0x562f587bff5a559e3fe671028b3096d8e3bb9107,0
0x563b377a956c80d77a7c613a9343699ad6123911,0
0x564286362092d8e7936f0549571a803b203aaced,0
0x57a3d07e27475aa8f5d306b7bb25aebfd27c4512,1
0x588c0e4af4bb0cd6e63e898bf8ad555452297326,1
0x58f75ddacffb183a30f69fe58a67a0d0985fce0f,0
0x598f0f5fed15632e915ab3c2f928a1e02be8e30d,1
0x59a5208b32e627891c389ebafc644145224006e8,0
0x5a0b54d5dc17e0aadc383d2db43b0a0d3e029c4c,0
0x5a2fad810f990c4535ada938400b6b67ef7646af,0
0x5a9ca3c6362a53edfc78503d65a6a3b7d9af6992,1
0x5ab5ed6d05055b714d9d5f4bb027c6835ea8acfb,1
0x5baeac0a0417a05733884852aa068b706967e790,0
0x5c985e89dde482efe97ea9f1950ad149eb73829b,0
0x5caa556d0b8fa8622b1746bcc1211429737dcafc,1
0x5e032243d507c743b061ef021e2ec7fcc6d3ab89,0
0x5e1f89284b8283edcd082901b78c7589f39d5b51,1
0x5e575279bf9f4acf0a130c186861454247394c06,0
0x606b2272215a0cdd1cf4f38293ffaa42f0f56c34,0
0x62ee4a3c690c9660762c52bf1a232365c86c879b,1
0x634cdd7ebeccccf517cd8f4eca959474bc1b58cc,1
0x6353940eabe11c7cd78ecc2085ae65cdacc5a92b,1
0x636141b2c9a53371faa2a2fe90e4d4c6b801397b,1
0x63a9975ba31b0b9626b34300f7f627147df1f526,0
0x63cdd7f7f28727e6a5d16418c402073ff48b8e52,1
0x642430e36695ea0a1c3b72e61168c5e797e6b80b,1
0x64b212d2fe54db498df6099e5a9afa8298068f89,1
0x64c940690a3660e68d93d8c6412d900bdd3e11e5,1
0x6537b65a50a862391515455272f9b6c7168afe94,0
0x65ef72c11c53c9ae2fc923cf7780dd030c02ae0a,1
0x65f9b2e4d7aaeb40ffea8c6f5844d5ad7da257e0,0
0x66f820a414680b5bcda5eeca5dea238543f42054,0
0x6748f50f686bfbca6fe8ad62b22228b87f31ff2b,0
0x6795cf8eb25585eadc356ae32ac6641016c550f2,0
0x68795c4aa09d6f4ed3e5deddf8c2ad3049a601da,0
0x689c56aef474df92d44a1b70850f808488f9769c,0
0x692aaca2f88ed1c6dbd3e4040ec12ee296560cc7,1
0x6931e6948702245964dd446333c3bebd989d5e76,1
0x699cbeaa28a49e096df00011d734803a0b8f5f80,1
0x69c46c1e40465ae9a6c90990ae1568005fe62d6e,1
0x6a0afe6f45a878100480f312b585aa0d752d4d2d,0
0x6a164122d5cf7c840d26e829b46dcc4ed6c0ae48,0
0x6a7a43be33ba930fe58f34e07d0ad6ba7adb9b1f,0
0x6b71834d65c5c4d8ed158d54b47e6ea4ff4e5437,0
0x6b7c523f0655bd5a18e4cc53b53659cd3def0307,1
0x6b7d50bb8fab584e54251a10e1c6cfa51dd7b618,0
0x6c20ef21e604028c649247c581e8e49fda6191ca,1
0x6c3183792fbb4a4dd276451af6baf5c66d5f5e48,0
0x6dd5a9f47cfbc44c04a0a4452f0ba792ebfbcc9a,0
0x6e65c01099acfda3fdcee97249caf30241baf679,1
0x6efb20f61b80f6a7ebe7a107bace58288a51fb34,0
0x6f803466bcd17f44fa18975bf7c509ba64bf3825,0
0x705f704d11020ff07acde8592bb80b044e15de16,1
0x7098c7113c2ecaf48baad07e598c74c2689a5795,1
0x70ba69fcb5720ba8d573b78f641eecb775c0e5a9,1
0x70faa28a6b8d6829a4b1e649d26ec9a2a39ba413,0
0x7197e9d17b8a5d219e0facea59301eb7eef5ef87,1
0x72bcfa6932feacd91cb2ea44b0731ed8ae04d0d3,0
0x73957709695e73fd175582105c44743cf0fb6f2f,0
0x742d35cc6634c0532925a3b844bc454e4438f44e,0
0x746aaac06b04c36f5fea9bbb35ca75518eda1cca,0
0x749bd34c771456a8de28aa0883b00d11273e2ede,0
0x754a7657092fd2862338ff06ce02cfc389d49e21,1
0x762ad6be3f56a132f99cc0cd6ba4c84d1e992824,1
0x7793cd85c11a924478d358d49b05b37e91b5810f,0
0x7891b20c690605f4e370d6944c8a5dbfac5a451c,0
0x78c544eede78eb781707a1d46377bf6be9d028df,1
0x7929417834345d62b366d027fb143eaa179ddbce,1
0x7942ec88b93ac9227957a118d8d09aa736c886a1,1
0x7a10ec7d68a048bdae36a70e93532d31423170fa,0
0x7b66563dd534c3e66fee08c995da9d5e77c883f9,1
0x7c27f68b0d5afffb668da3e046adfba6ea1f6bc3,0
0x7c6694032b4db11ac485e1cff0f7509d58b41569,0
0x7d5d58560819c172e45b46c0965bbda5a8895f80,0
0x7d922a4f7f24ffcb130c4eeaf291a6475e3e4dd2,1
0x7db9656fc8435f765df5748e32bf329098ffb5fb,1
0x7ed44f8b304cd71664cbe8c94614660859fca2c6,1
0x7ef35bb398e0416b81b019fea395219b65c52164,0
0x7f3b29ae0d5edae9bb148537d4ed2b12beddf8b3,0
0x7f642b25a930f732f4214f69df0d0d2f647bcc63,1
0x804a67880f461c2ba4b927a10e99e371962b0f3f,1
0x8271b2e8cbe29396e9563229030c89679b9470db,0
0x829bd824b016326a401d083b33d092293333a830,0
0x83940770976605dda722a620dd9d91825c8d65dc,1
0x8408263f4f0691db34bd7666b5af61e19cb91b91,1
0x84106febe96b45d1a6cf1dceec8285c46faf25de,1
0x841991ffe0dafd619bc517d82ee4700c37136140,0
0x850468f69fa4fe32816cd7698fd5bd1ece3e1d5c,0
0x85234c92d4dddf239df9c76497a6516fdf546577,1
0x8533a0bd9310eb63e7cc8e1116c18a3d67b1976a,0
0x8595dd9e0438640b5e1254f9df579ac12a86865f,0
0x85992bb01c8c64a80656c1df988f313af6b661e9,0
0x85d642eafb5f15ef54852b57302040ab066ff2c4,1
0x875c9a271eab0daf1f78d061879784a24c044b2e,1
0x876eabf441b2ee5b5b0554fd502a8e0600950cfa,0
0x882c3163237009dca0aa3d479f73eb55639339e4,1
0x8858297c69ed011c48feaa96f0c89349ef389b67,1
0x88bdeb65ed500794118d0e5fdf5808d23bb74e73,1
0x8909cc8d294544ca2c956550edbcb59ce4f2a9ad,1
0x8958618332df62af93053cb9c535e26462c959b0,0
0x89add413f34c4858458d658a9f24456551762803,0
0x89c0e39f3b3be95c238912788687dbaebe7e6a2b,1
0x89c5043a38736f37d12bf1d3a1bb82894b3ebe14,1
0x8c097a9c954894c8779edef955398d6b8ea7226a,0
0x8c9d135ac2778e1a7d326932aad302e7c22c94d7,1
0x8d35067233605bef6069191ae0922d134ff80d48,0
0x8d451ae5ee8f557a9ce7a9d7be8a8cb40002d5cb,0
0x8d76166c22658a144c0211d87abf152e6a2d9d95,0
0x8dcaeebf49a479ed5e5b3b45a38c9125a0ef6d23,0
0x8ee2ba41ef59b5773e5909451e0b8bad4e59a81b,1
0x8f95d25bd5ec1973b8cbcd9572a7287f03420ca7,1
0x8fa8af91c675452200e49b4683a33ca2e1a34e42,0
0x8fce1ef27f3add1411c7a99be402de598ad38389,0
0x905475cbca398e8fee6e35bcb2f530a3474b78ce,1
0x91459992bcbf089851abffa033559c2eef120469,1
0x915d7915f2b469bb654a7d903a5d4417cb8ea7df,0
0x92cd726ce03ceaa4bf7198ce9c52d05d63cee575,1
0x9327cb34984c3992ec1ea0eae98ccf80a74f95b9,1
0x934f49fcf451a34026e3dfc3f26a1de01b83b509,1
0x93b7e9364c4df6de55ed0d10c80e7afc0612e93a,0
0x93d8d5bb1f1e4822f3c614d9a09e7c5e3fabc13a,1
0x9435d50503aee35c8757ae4933f7a0ab56597805,0
0x944a3f5641d6faf7a6abde4ec31e40d0929955ed,1
0x9539e0b14021a43cde41d9d45dc34969be9c7cb0,0
0x956e0dbecc0e873d34a5e39b25f364b2ca036730,0
0x95b2eb812ce96cabc6dfd94bfcdae5192e027763,0
0x95c5db5bd9a0260fc457af4f6fc6de7819d9b1a6,1
0x95ffcdf36129e5e256190609cd97841d03e52356,1
0x9655eb5183e3d373c6db087dd8fc6dae3c5047f1,1
0x967cd47aa3195cff1248ac123e8a452d84daba1d,0
0x96fc4553a00c117c5b0bed950dd625d1c16dc894,0
0x97b20481241fe3cb9cc9ba50609d377b2506cdaa,1
0x9826d8246e0c38cd3ec3f8b6d733be6001c2c712,1
0x986a2fca9eda0e06fbf7839b89bfc006ee2a23dd,0
0x98d67bc5ba8e43721972204e5e1e4eaef43cadb1,1
0x99c85bb64564d9ef9a99621301f22c9993cb89e3,0
0x9a4afeaecd8efe2a7186365b55e72503d555713b,1
0x9b76ad3435e2cbd4e08feea210a9972465a4748c,1
0x9c67e141c0472115aa1b98bd0088418be68fd249,0
0x9cbadd5ce7e14742f70414a6dcbd4e7bb8712719,0
0x9d551f41fed6fc27b719777c224dfecce170004d,0
0x9d6d492bd500da5b33cf95a5d610a73360fcaaa0,0
0x9db99e73c52bcc353963022ac184a25e80f655bd,1
0x9df172fc167a8a567c208fc14e3435eb8043e2b7,0
0x9e55507a10af47f0a60493e77af432d588b9907b,1
0x9e6316f44baeeee5d41a1070516cc5fa47baf227,0
0x9ee1e7d4f70a698689557b6bb67e8b6555e36d59,1
0x9eea7fda3c78cd8c096ae229de8217a94cd1bcfe,1
0x9f5ca0012b9b72e8f3db57092a6f26bf4f13dc69,0
0x9fb01a2584aac5aae3fab1ed25f86c5269b32999,0
0xa027231f42c80ca4125b5cb962a21cd4f812e88f,0
0xa04fc9bd2be8bcc6875d9ebb964e8f858bcc1b4f,0
0xa0c7d4f3fc7f8a46fb58990228d0b82a0354f371,1
0xa0d4bee1beeafce031c56cfb40210746cc6ab2d0,1
0xa12431d0b9db640034b0cdfceef9cce161e62be4,0
0xa2c9a7578e2172f32a36c5c0e49d64776f9e7883,0
0xa30d8157911ef23c46c0eb71889efe6a648a41f7,0
0xa3c084ae80a3f03963017669bc696e961d3ae5d5,0
0xa3e785ee490e1102fe32512973c96dc7dc876348,1
0xa3ee246232ebd99ec9a07851116f9f67380c5e6f,1
0xa42af2c70d316684e57aefcc6e393fecb1c7e84e,0
0xa43d3805105922989e58a5188193c283fff471e7,1
0xa5e83199a7ecb6669064d492f15ddc096b6cbab8,1
0xa6048af9aee7a179777524a6968c20ac0eb1f125,1
0xa61344257ed7c98b4690572e63797d75b0753f96,1
0xa62cb4bd9e69e9170a2d973aa3aece5a1215d41c,1
0xa6e71bdc40952eb1c083e5ae4940d70886296724,1
0xa7f72bf63edeca25636f0b13ec5135296ca2ebb2,1
0xa8454096f4a18e0252b411f670b3dd9d21465e75,1
0xa855c20a1351acd2690c716e2709c7dff3978d12,0
0xa8660c8ffd6d578f657b72c0c811284aef0b735e,0
0xa888868100e2a027ed97425a2307958b99a9495f,1
0xa910f92acdaf488fa6ef02174fb86208ad7722ba,0
0xaa90b4aae74cee41e004bc45e45a427406c4dcae,0
0xaa9fa73dfe17ecaa2c89b39f0bb2779613c5fc3b,0
0xab11204cfeaccffa63c2d23aef2ea9accdb0a0d5,0
0xab5c66752a9e8167967685f1450532fb96d5d24f,0
0xab83d182f3485cf1d6ccdd34c7cfef95b4c08da4,0
0xabc490af011c8e354b7d2112648883fe9e511695,1
0xac14590ad8184a48302f59a8baaf924b865de4c5,1
0xac57457748d66139ec89a6d1b13bf119a1efb31a,1
0xad54edbe26782a7c190eabc0b35869b0e66ffcce,0
0xadb2b42f6bd96f5c65920b9ac88619dce4166f94,0
0xadb72986ead16bdbc99208086bd431c1aa38938e,0
0xae18c66ac8e11f1218e5b5d25535b935644b8c42,0
0xae7006588d03bd15d6954e3084a7e644596bc251,0
0xae9dcec1fb0814ca02ca1e6690d05f33488b4c8b,1
0xaeec6f5aca72f3a005af1b3420ab8c8c7009bac8,0
0xaf518d65f84e4695a4da0450ec02c1248f56b668,0
0xafa1c92a27215d1d1dad4fa89972e7c8d91218f9,0
0xaff9e40f9b245b15a1d1bb45516ca213e682fa81,1
0xb0608ca76d2ec6984f652829e887811516e4b846,1
0xb0c591788ac5f9638a8aea025019e626f17186df,0
0xb2930b35844a230f00e51431acae96fe543a0347,0
0xb2cc3cdd53fc9a1aeaf3a68edeba2736238ddc5d,0
0xb48c99c37b7cf4ac0a1c2dca518782c1feb4f066,1
0xb4e817449b2fcdec82e69f02454b42fe95d4d1fd,0
0xb53e95a4b7c5e15a790df3a66709b2e9f1cf9e3f,1
0xb55d31e46428beb28234b62d5178dad5ec8ad8ca,0
0xb5eb9d18c0413535baf1fa8bd8bf8f6ea7fea47a,1
0xb6ba1931e4e74fd080587688f6db10e830f810d5,0
0xb794f5ea0ba39494ce839613fffba74279579268,0
0xb7f9fdb9f3f6142cf5e2b7bee8aeba059dfb091b,1
0xb8cf411b956b3f9013c1d0ac8c909b086218207c,0
0xb9b9b6aca1a0cf4ea4eb0ced466d66a62f8eb072,1
0xb9ee1e551f538a464e8f8c41e9904498505b49b0,0
0xb9ee29ff43d319c126ed2dbdd74d49a2659ede56,1
0xba826fec90cefdf6706858e5fbafcb27a290fbe0,0
0xbaf18322ce288b08b2c58081fd0d1a9f03a9ea37,1
0xbc85a12364c9e375801c00aad17b893fc4c8f5b6,1
0xbd2ec7c608a06fe975dbdca729e84dedb34ecc21,0
0xbd8ef191caa1571e8ad4619ae894e07a75de0c35,0
0xbdd5645986f492954465b5e407f7528c0cf88ffa,1
0xbe0eb53f46cd790cd13851d5eff43d12404d33e8,0
0xbf471cc7379befe3612cec5b6f24344415da4f24,1
0xc0ded1d24c071ca13a905ec5e54a6ffdd0c4df68,1
0xc0e30823e5e628df8bc9bf2636a347e1512f0ecb,0
0xc1f9c01602043fcef642cc8601bda13ca29b7a9c,1
0xc3caf142a41b0fae78a922c25fc0eecdcf0985d1,1
0xc42bfd4f93b46037888602c3e7e6e57d65e87e73,1
0xc4904676bfee9b5332033e6f7307433635346d21,0
0xc4b1a260735fdc817409183db8594baf9f0b0f2f,1
0xc78310231aa53bd3d0fea2f8c705c67730929d8f,0
0xc839ee5542b4e8413246b3634c5c739fea949562,0
0xc869af1617a9032a7c8ee60427027ba23cb9e4f8,0
0xc8bda09b2ddd5a3bf9465dde8d6e0bc3a19072f7,1
0xc91293245b669da19a96cd85d40bb9c203359657,1
0xc98f8c6b319ecceccaa9361ed5372274674f96cf,0
0xc9f32ce1127e44c51cbd182d6364f3d707fd0d47,1
0xca48ba80cfa6cc06963b62aee48000f031c7e2dc,0
0xca4da1753336aa8340710e0e1a8c0bee2bfbf56c,1
0xcaa5854034d7eda409e2479c6c0351c167e21a08,1
0xcc13856ac5ec565c2ef8770a347a224351163dca,1
0xcc22cb1b6625b64e81909456111d76be6158dfbc,0
0xcde79393c6f0deb9b7b51579a386c853feb8e104,1
0xce1bf8e51f8b39e51c6184e059786d1c0eaf360f,0
0xce52d38539e1e557f184f1073a59f69c9ba95f28,1
0xceebb2d0cdc85e9774a232bab74c45fc883c15e4,1
0xcf6ce585cb4a78a6f96e6c8722927161a696f337,0
0xcf7787ca25010d3dbfa2ccc32ea58d2160290ef4,0
0xd0db3c9cf4029bac5a9ed216cd174cba5dbf047c,0
0xd1e12869f076f1fc88ced475144d372988bd6b97,1
0xd1e56c2e765180aa0371928fd4d1e41fbcda34d4,0
0xd224ca0c819e8e97ba0136b3b95ceff503b79f53,0
0xd289bc0a919e75b824f4dfc376e9f24c119ed3f3,1
0xd3273eba07248020bf98a8b560ec1576a612102f,0
0xd34da389374caad1a048fbdc4569aae33fd5a375,0
0xd52fcaf53cd3efd7e1d484fd9cd2dd21355063e5,1
0xd551234ae421e3bcba99a0da6d736074f22192ff,0
0xd582cec308d9320b2ec3dc2868b56549fc8ace5a,1
0xd5bbb4264b70ca4f58c45d27b9d7e11190754a54,0
0xd5e846494df899e0d7ea5e628501dfe420d2643b,1
0xd6572692be52881905dd59d4984cc7e61a2514e7,1
0xd75496c0a6a36308cfda58e317ab97ea46b8f6b5,0
0xd787e430cf92d42fa28b7643e41ea1d871a19fff,1
0xd7b9a9b2f665849c4071ad5af77d8c76aa30fb32,0
0xd7c866d0d536937bf9123e02f7c052446588189f,0
0xd8ddfd63696127b18911546b13856cf98a246ff4,1
0xdb53ce480bac3ce96fdb79fae1156f80b6925e05,1
0xdb82af76f9ccddfe9e8f7996492f4c5bd5f9d53d,1
0xdbbc7e7098f69ff271c7d12b75b53c099d3c883d,1
0xdc3896be3eb4bb3b3eb2f936348e942796078920,1
0xdc76cd25977e0a5ae17155770273ad58648900d3,0
0xdccdce28bba5b796724f1b50ab350403d895fe08,1
0xdccea2e783d873acb4ccfb7dead1004d90ad481d,1
0xdd0940c356ebe5bb23039bbf6c83f33c7d510dc9,1
0xdd44566108758d8c8224d303ef92492229014a2a,1
0xded605e5a25d7e6808d726a52257ac5e65b99475,1
0xdf398e0be9e0da2d8f8d687fd6b2c9082eefc29a,0
0xdf4d1b71aa4b8bb6814b2e5819844c3093a56349,0
0xdfa8e0d144b1bd7b9f08cd05a7726cc20121292f,1
0xe112784753273ebede055968ecb78dcad8ff6da2,1
0xe17ee7b3c676701c66b395a35f0df4c2276a344e,0
0xe30ee6f6a973a07687c60be30c1b17818bc1c2a5,1
0xe3224fa0197de258ba065c35380d7dfd2396ec89,1
0xe4bdced60430a90f31dba03524dd5d15a2670649,0
0xe56303d8ff8c25c240f41d90fcaae1469c5b5f77,1
0xe606ab862d5ab58783b0eedee0839a2b47927ce8,1
0xe6a7a1d47ff21b6321162aea7c6cb457d5476bca,0
0xe6eb070bcef81fd12a198ba03fe393e9ee4cb671,1
0xe76fe52a251c8f3a5dcd657e47a6c8d16fdf4bfa,0
0xe79eef9b9388a4ff70ed7ec5bccd5b928ebb8bd1,0
0xe7a06aab8286cef4206942a4891ee95a40e86466,1
0xe7cc576611c2df800862db667140a90cf9ec4b72,1
0xe853c56864a2ebe4576a807d26fdc4a0ada51919,0
0xe8a0e282e6a3e8023465accd47fae39dd5db010b,0
0xe93381fb4c4f14bda253907b18fad305d799241a,0
0xea3a46bd1dbd0620d80037f70d0bf7c7dc5a837c,0
0xead6be34ce315940264519f250d8160f369fa5cd,0
0xeb32e949d214773ff718dfc92b4803bd14db15c1,1
0xeb6d43fe241fb2320b5a3c9be9cdfd4dd8226451,0
0xed8204345a0cf4639d2db61a4877128fe5cf7599,0
0xedbb72e6b3cf66a792bff7faac5ea769fe810517,0
0xedc0c49946b93aa296a11298480ae7913bb65222,1
0xee155572635ae7d1f4e30ec3179ce65b5342cb17,0
0xeea5b82b61424df8020f5fedd81767f2d0d25bfb,0
0xeeb70fd96f6c8838aeffb9d8dc042eab97b1bb09,1
0xeec606a66edb6f497662ea31b5eb1610da87ab5f,0
0xeed16856d551569d134530ee3967ec79995e2051,0
0xeee28d484628d41a82d01e21d12e2e78d69920da,0
0xf12d3f5d38c2408da3122cee1432e89c16522b3b,1
0xf261b3a60ef40ee0b369b0705c1a2c58b02799df,1
0xf35074bbd0a9aee46f4ea137971feec024ab704e,0
0xf36b756013f80b162e8713fb37df7dda0cd7f143,1
0xf3b9d2c81f2b24b0fa0acaaa865b7d9ced5fc2fb,0
0xf51b4021c6f1af31f44bf575188986e733a971fe,1
0xf591bbf70178bcaa80d306ab65755ab7038962cd,1
0xf5c8b99c64a5584a911d3aae4873b3581d48586e,0
0xf6238cbc1b74b183e54d63a555f867baa00d92df,1
0xf6884686a999f5ae6c1af03db92bab9c6d7dc8de,1
0xf6ce1549a57f39238b47569a4787e25e5d695d22,1
0xf6f7cac4adef7e448cef8fceb14032e6e55a0dfa,1
0xf7355cb5278fc4be2f53ce373f7cd9b543d042a1,1
0xf73c3c65bde10bf26c2e1763104e609a41702efe,0
0xf76dea0a7ed40e379cc834cf94a6bdc59ac11044,1
0xf77149cac62f1b3df7d8d0cd951f152f28c72bb1,1
0xf7793d27a1b76cdf14db7c83e82c772cf7c92910,0
0xf7d58e6720696b8f46dc9270443d8beaeb8d9775,0
0xf821fd99bca2111327b6a411c90be49dcf78ce0f,0
0xf8366eddae63af9ce1104dfff47bc1e29c98362f,1
0xf8b483dba2c3b7176a3da549ad41a48bb3121069,0
0xf8d04a720520d0bcbc722b1d21ca194aa22699f2,0
0xfa4b5be3f2f84f56703c42eb22142744e95a2c58,0
0xfb9f7f41319157ac5c5dccae308a63a4337ad5d9,0
0xfba4d50cab44f13102c0e270721e1cbefebd8922,0
0xfbb1b73c4f0bda4f67dca266ce6ef42f520fbb98,0
0xfbf2173154f7625713be22e0504404ebfe021eae,0
0xfbf6f29c126382cf15795bb209ee506a174cc709,1
0xfd648cc72f1b4e71cbdda7a0a91fe34d32abd656,0
0xfdb16996831753d5331ff813c29a93c76834a0ad,0
0xfe95e04a628087fcdd5f278e61f148b47471af4a,0
0xfe9e8709d3215310075d67e3ed32a380ccf451c8,0
0xff1b891969773159366ab6310ff63a69ac4acffd,0
