address,eth_balance,latest_days_ago,first_days_ago
0x00192fb10df37c9fb26829eb2cc623cd1bf599e8,0.788607476290685594,854,2558
0x002e08000acbbae2155fab7ac01929564949070d,0.04503,855,2558
0x004e6f03648b0b0f529511697b0f36a463a24836,2.379994223677297664,2440,2707
0x00674045bb7c17f0aa1cde34780d6c51af548728,151.824185738,N/A,N/A
0x0068eb681ec52dbd9944517d785727310b494575,0.00,1356,2446
0x00832a758a781055ac19b5f9bf553db8bb9db32d,0.00,1956,2680
0x00c7122633a4ef0bc72f7d02456ee2b11e97561e,0.000992664836911821,N/A,N/A
0x00eb6f5199cd0b671da371969b1a0f948e982fea,0.014785999999994,1409,2441
0x01091506ce9f1977a660c5ad4915cbd89e4e1a49,0.00,799,2154
0x018f2f4b3c9e38607aa7ab4dea23e9d663e3e050,0.00,2457,2457
0x0211f3cedbef3143223d3acf0e589747933e8527,0.049690900938821013,362,2356
0x024c344da7208e60356378a252dab771c34be111,0.00,2427,2427
0x02dc3b8ab87c562cdce707647bd1ba21c390faf4,0.491644542155387986,N/A,N/A
0x02f8fa04877be844e073eb8effeb48c420b33abe,0.00,N/A,N/A
0x0324a5f6289e647baf88d9c96c331cf964220ce8,0.000018,2438,2438
0x035a401972f228b58dcae76bf318b54ed036d680,0.00,N/A,N/A
0x03b70dc31abf9cf6c1cf80bfeeb322e8d3dbb4ca,0.000000005397032497,2202,2438
0x03bdf69b1322d623836afbd27679a1c0afa067e9,0.844589084783914179,1795,2379
0x03e4b00b607d0980668ca6e50201576b00000000,687.7257271739995,N/A,N/A
0x043375ebc36fff7a4fcef1359f3c89afddf56e08,0.00357909494890445,2408,2472
0x04668ec2f57cc15c381b461b9fedab5d451c8f7f,0.070438809366599047,1257,2324
0x04a3d37cae5fe8acfcaf6d5eb66369d639ff027e,2.56791398,N/A,N/A
0x04c62019ab478bff5874e7b7d9bc84fcf7e30025,0.00,N/A,N/A
0x0536806df512d6cdde913cf95c9886f65b1d3462,0.01136652,1409,2891
0x05f51aab068caa6ab7eeb672f88c180f67f17ec7,0.00,1496,2459
0x0681d8db095565fe8a346fa0277bffde9c0edbbf,0.052983576152076469,168,2567
0x06b8c5883ec71bc3f4b332081519f23834c8706e,0.00001124217549,859,2265
0x079cf5c7b29067708bf653fbb93d7f619d9287a9,0.00,N/A,N/A
0x07cfb04588154b06e3958b5d70408244102014d5,0.00,2289,2289
0x081edbef6106ab1253557451b261c1c99bade726,0.018423453669969355,1150,2587
0x0861fca546225fbf8806986d211c8398f7457734,0.008796671179012985,932,2642
0x08986f5cecd3cb8882e4a34a16961e3124377291,0.00,2453,2453
0x08bba7fb279915d7bfd08670571cc978e88a03f6,0.00,N/A,N/A
0x0967c50bfec4dba06e28e8fdbcfd15a23474fab4,0.009508975632109921,2441,2441
0x09ab1303d3ccaf5f018cd511146b07a240c70294,0.000121442014155,739,2437
0x09ce1ba1bd31b1395c3e7560afd393b0e014e344,0.00,N/A,N/A
0x0a73573cf2903d2d8305b1ecb9e9730186a312ae,0.00,1376,2820
0x0a869d79a7052c7f1b55a8ebabbea3420f0d1e13,1.024443893658839834,797,3156
0x0a888f0f0b772e17a2adfd62d3f15cec72c8d42f,0.00,2437,2444
0x0b1bb711524f9d43515b5424c029f2e3beed1ffc,0.00,N/A,N/A
0x0bb9fc3ba7bcf6e5d6f6fc15123ff8d5f96cee00,0.002547431381232419,N/A,N/A
0x0c4762bc7b1af1dc9448a827f53861c118b712de,0.015646999964987,1409,2441
0x0c4b367e876d18d5c102023d9240dd7e9c11b380,0.00,2712,2736
0x0c8b740e3377f2be7a108aeba6a2f660588c728d,0.00,N/A,N/A
0x0c9d1b3ca852c67bbeabeeb51e9482a845d56868,0.0000000000001,2777,2778
0x0cfbed1bd80bd8a740f24ec5fca8e8d1a9f87052,0.00,N/A,N/A
0x0d0707963952f2fba59dd06f2b425ace40b492fe,359.216967082505143009,2463,N/A
0x0d1fa37b1dfd006e8f6fab6fa0d2351856030ef5,0.00,N/A,N/A
0x0d6b5a54f940bf3d52e438cab785981aaefdf40c,2.474150664861322977,1927,2826
0x0d8746c7bfac7494904d4133c550c72b02c7cdbb,0.00,N/A,N/A
0x0f1c029c5d7f626f6820bfe0f6a7b2ac48746ddf,0.00,N/A,N/A
0x0f4cf489c65f5001843c525e1f374768dcad9b99,0.00,2407,2440
0x0f564a2a5fde73349890e86e9b2aa1639994bf2f,861.80577174928342864,N/A,N/A
0x0fec04a7526f601a1019edcd5d5b003101c46a0c,0.00,N/A,N/A
0x1056d8d9ebb0e0d8710a0e2a1852d4a09d56464a,0.00,1311,2438
0x1062a747393198f70f71ec65a582423dba7e5ab3,0.020828016154780362,408,2788
0x10987d8361338eae4472f107cf069558c54516ae,0.00,N/A,N/A
0x10c44ab858b90e09c725158906f71833ff417acc,0.00,2427,2427
0x1119aaefb02bf12b84d28a5d8ea48ec3c90ef1db,0.641227307882249521,247,2370
0x1151314c646ce4e0efd76d1af4760ae66a9fe30f,9.972466992154170231,2422,3083
0x11614c5f1eb215ecffe657da56d3dd12df395dc8,0.00,N/A,N/A
0x118db57c34621acd0a91f02c8c18cd1a3ad7c213,0.00,2434,2434
0x11e63fa9256c37d100b6786569663b116480f92a,0.0000077304509805,2130,2523
0x120a270bbc009644e35f0bb6ab13f95b8199c4ad,21.285766046891091494,3189,3451
0x122c7f492c51c247e293b0f996fa63de61474959,0.01614,2749,2754
0x126d407584cf73ba5d15102bab0e578a64cca3f1,0.001685128,1589,2618
0x13f64609bf1ef46f6515f8cd3115433a93a00dc6,0.591680526717164504,N/A,N/A
0x146f2fba9eba1b72d5162a56e3e5da6c0f4808cc,0.003005,N/A,N/A
0x14b30f257c2737370203a15aa343c2b600dfb675,0.161051027419055731,1937,1999
0x151255dd9e38e44db38ea06ec66d0d113d6cbe37,0.000000005926542536,1662,3240
0x1522900b6dafac587d499a862861c0869be6e428,9.218122358572496933,N/A,N/A
0x154af3e01ec56bc55fd585622e33e3dfb8a248d8,0.00,N/A,N/A
0x15a99893dc47bfae5b06e9b4c8941aaca60f8af5,0.005160511681632541,2472,2548
0x15c19e6c203e2c34d1edfb26626bfc4f65ef96f0,0.00,961,2783
0x1691b2f9986598e12c57aba5be50ebd5346247e0,0.00,2411,2443
0x1706024467ef8c9c4648da6fc35f2c995ac79cf6,0.00,1368,2541
0x175af261088b31e58ba384b3758f14bcf6c1f4e1,9.06596191217058351,N/A,N/A
0x179b553f677766183e7cd2ae8c148ace69db7cdd,0.00,2453,2453
0x181c71726f12ce2514e8b93019eb22645a79f966,0.00,2432,2557
0x185f19b43d818e10a31be68f445ef8edcb8afb83,0.00,N/A,N/A
0x193bff7a19082cd7e056ea3e22ee0e747b5b6f80,0.00,N/A,N/A
0x199eee5b6ca1aaf030c77f0b5c50e39908fd2072,0.009698,2764,2765
0x19bfd8a539ca899983b30e1d1c3370ac03d6b7ab,0.00,2463,2467
0x19c1f4d2cf1606d1ba3030aef48b96e56bc92a6a,0.00,2148,2560
0x1a8cc57f1155d7df4626978401e203e00da097f7,0.999999999999964824,N/A,N/A
0x1afa01d567434482dcb3ea955b39778589176247,0.000811756614444371,855,2649
0x1b6c1a0e20af81b922cb454c3e52408496ee7201,0.00,109,2102
0x1b8ee5cb5520ea3d12f64a8973c2a4f0cbcb1564,0.00,2439,2448
0x1b93129f05cc2e840135aab154223c75097b69bf,0.002539149024279,479,2427
0x1c4b70a3968436b9a0a9cf5205c787eb81bb558c,027.260312879011722855,18,2444
0x1c82ee5b828455f870eb2998f2c9b6cc2d52a5f6,0.454589165381962293,N/A,N/A
0x1d1bd550197c7c0787b9ad0aea9c1cca66ee0e90,0.000068929,1785,2338
0x1dcb8d1f0fcc8cbc8c2d76528e877f915e299fbe,0.017869477720269899,3315,3435
0x1e0a8374a6c63acaaf4c020cce65c30e855b2b71,0.0007553675,1656,2432
0x1f3df0b8390bb8e9e322972c5e75583e87608ec2,16.347193945219168787,11,2549
0x1fd6267f0d86f62d88172b998390afee2a1f54b6,0.00,1489,3011
0x2097175d0abb8258f2468e3487f8db776e29d076,0.955719894131925384,N/A,N/A
0x209c4784ab1e8183cf58ca33cb740efbf3fc18ef,0.00,N/A,N/A
0x20d23c7a4b2ea38f9dc885bd25b1bc8c2601d44d,0.00,N/A,N/A
0x21346283a31a5ad10fa64377e77a8900ac12d469,199.927940525696659045,N/A,N/A
0x2140efd7ba31169c69dfff6cdc66c542f0211825,0.0029,1947,2404
0x2149cbdd59b50bef9a264914b441f917dc9c7d55,0.00,2352,2384
0x2239df7104fd3f4a5e464e108506e76c47858a20,0.009724193844907421,N/A,N/A
0x2276f412d2ae5dc2cdc293b0df70a8273f6f6771,0.00,2428,2448
0x22c6731a21ad946bcd934f62f04b2d06ebfbedc9,0.00,1177,2641
0x2323763d78bf7104b54a462a79c2ce858d118f2f,0.01,N/A,N/A
0x23397c5d9c6363d67b3a294b677f80f93949bf56,0.00,2455,2455
0x236f9f97e0e62388479bf9e5ba4889e46b0273c3,0.788268285082623799,2014,2787
0x23b61de5076526b3a1026491157c6df731ae8b61,0.00,1828,2523
0x243bec9256c9a3469da22103891465b47583d9f1,0.00,1479,2760
0x249bdb4499bd7c683664c149276c1d86108e2137,0.000313267948259539,500,2306
0x24c3235558572cff8054b5a419251d3b0d43e91b,0.000000000000007362,N/A,N/A
0x25d4aef414ea092fbcbd83fd30e89e15cf820d0a,0.00,N/A,N/A
0x267be1c1d684f78cb4f6a176c4911b741e4ffdc0,588.526856989717335985,3103,N/A
0x26967201d4d1e1aa97554838defa4fc4d010ff6f,0.01,N/A,N/A
0x26d08b9d227933a85e855656dc46ab889e183c88,0.000944192281252373,N/A,N/A
0x26e75307fc0c021472feb8f727839531f112f317,0.00,N/A,N/A
0x274df34325ca19627e5e587c48b7e77dfc4b9cc6,0.00,1936,2577
0x274f3c32c90517975e29dfc209a23f315c1e5fc7,1.705711945575013862,534,2546
0x2769eb86e3acdda921c4f36cfe6cad035d95d31b,0.00,N/A,N/A
0x28184d2f5e2a47fcd5e528230d18cc3eb2cd0a6d,0.000559,2679,2679
0x2819c144d5946404c0516b6f817a960db37d4929,0.0038263372671123,351,2343
0x28ebe764b8f9a853509840645216d3c2c0fd774b,0.007196308145942278,1047,2471
0x2910543af39aba0cd09dbb2d50200b3e800a63d2,1.111663073377779059,797,3449
0x29488e24cfdaa52a0b837217926c0c0853db7962,49.455454787169220415,N/A,N/A
0x2984581ece53a4390d1f568673cf693139c97049,0.390783973677373212,2120,2785
0x29c3adf6f50e2186c21f5ebb1ac073115831286e,0.00,2279,2279
0x29d7d1dd5b6f9c864d9db560d72a247c178ae86b,0.027114997589089545,771,2706
0x2a048d9a8ffdd239f063b09854976c3049ae659c,0.000119630470344,1033,1991
0x2a65aca4d5fc5b5c859090a6c34d164135398226,0.176326624727823352,1177,3409
0x2a98776c7e13ed1c240858bd241dcf95fc1928b4,0.00,925,2329
0x2ac0e433c3c9ad816db79852d6f933b0b117aefe,0.00,N/A,N/A
0x2af0b9190aa127c1989886670481381b5b549985,0.00,2306,2447
0x2b3b67c6dffc2bcdda2315491eac9bbe868fbcdd,0.00,1927,2738
0x2b5634c42055806a59e9107ed44d43c426e58258,0.019257941034832404,410,2680
0x2b9eab2098e4a363a114aa6934f5c3cdea8149a3,0.00,N/A,N/A
0x2bb97b6cf6ffe53576032c11711d59bd056830ee,0.180460983375496829,1785,2201
0x2bbe1297d729bc7f7558afb43404f0f0a544d206,0.00,2435,2456
0x2c2d1113dd9f40fad1b04cf23af9da84c37efcf3,0.00,N/A,N/A
0x2cc762c27a50d18e50efcd3bee9e3154e3bb094d,0.005895,2461,2478
0x2ce573c05c9b8f6ef1a476cc40250972f1f3d63c,0.00,N/A,N/A
0x2d301d74a8d303da6408cc2dfda319bbeb48c125,0.00,2438,2438
0x2dad2c84f6c3957ef4b83a5df6f1339dfd9e6080,0.00,N/A,N/A
0x2dc5616ec2b9d24906f0e11dc8d8a736392dfedd,0.00,N/A,N/A
0x2e9494387868eb9ec6997b711d655de82f53713f,0.4444,N/A,N/A
0x2eb045d518290aca828046641d29f605ead1a283,0.00,2450,2450
0x2ef2782905830533d218b7ff4d15b8c0981ce84b,0.00,N/A,N/A
0x2f1233ec3a4930fd95874291db7da9e90dfb2f03,0.012331344277195858,2058,2455
0x2fa2bc2ce6a4f92952921a4caa46b3727d24a1ec,0.00,926,2332
0x2faa316fc4624ec39adc2ef7b5301124cfb68777,10.2128,N/A,N/A
0x3013d62a7357021259c3ee463ec9fbc64de7ba76,0.990684903,2290,2786
0x3052cd6bf951449a984fe4b5a38b46aef9455c8e,0.020232135980089856,1783,2359
0x3061cfbae69bff0f933353cea20de6c89ab16acc,0.006152881069724634,N/A,N/A
0x30b71d015f60e2f959743038ce0aaec9b4c1ea44,0.01,N/A,N/A
0x311e8fbacc2ec05793e14319ef0006f7a7516cba,0.00,2438,2438
0x31a2feb9b5d3b5f4e76c71d6c92fc46ebb3cb1c1,0.000345958114641997,541,2687
0x32131848edc60e032abf0369241d34ec969ebf90,0.00,N/A,N/A
0x32be343b94f860124dc4fee278fdcbd38c102d88,0.00507374013154059,33,3451
0x33683b94334eebc9bd3ea85ddbda4a86fb461405,0.997729032929551096,1299,2424
0x346b909240978658ec69c3f6e0d7cbef50bc3c79,0.00,2408,2408
0x34743ffa1f93e745668725e44efeb3c50a237796,0.000960649,2670,2670
0x34967c335d86efc3043fb75f807a0780ffb6905a,0.000000000004078647,N/A,N/A
0x34bb6cf517abb83bfd8bc4e41ed899810ac49b58,0.00,N/A,N/A
0x34e4e501dfa903c7c1c7b7f82a56b870838b5274,0.00,N/A,N/A
0x354d4f3eb48be676a030f98e2a6c5bc06b96e249,0.00,2578,2668
0x35919ff0a88a0bdfd1b0ef3be574bcf6c1e90e01,0.03035047479916389,2575,N/A
0x35f61dfb08ada13eba64bf156b80df3d5b3a738d,0.000810327044678995,1185,2405
0x3613ef1125a078ef96ffc898c4ec28d73c5b8c52,0.01853767150249116,1003,2898
0x3614e0bba4679c95daa45201821cd212f9164205,0.00,2449,2449
0x368be389ce940bf17c3296344086e368bc4c60f3,0.008875498,2437,2440
0x36b01066b7fa4a0fdb2968ea0256c848e9135674,0.005376545930305648,253,2685
0x36be38dab57631aae070b8977daa35d6de1ab8a0,0.00,2250,2487
0x36e6dadc5a045a86dbc9ecfeda5c459784d3537f,0.0006324923,1569,2618
0x376c3e5547c68bc26240d8dcc6729fff665a4448,939.000010007777777777,N/A,N/A
0x379ce20c018fb6301c1872c429ec7270ffa4dc5b,0.002259064,2799,2799
0x37c88474b5d6c593bbd2e4ce16635c08f8215b1e,0.00,N/A,N/A
0x3839416bd0095d97be9b354cbfb0f6807d4d609e,0.00,N/A,N/A
0x38a3fc625df834dd34e8ede60e10cd3024a6650e,0.00,N/A,N/A
0x38b9dafe93f0b3ab7d35ac42165b73c0f3c5fd8c,0.00013296,2434,2459
0x390de26d772d2e2005c6d1d24afc902bae37a4bb,17.192500296878829128,2387,2671
0x39a23012c065e0a93a6e268717c8b0f25f0430e9,0.00,N/A,N/A
0x39ffccecc551f35f8dfcb52c8c01060919aed1ea,1.657035930670721374,N/A,N/A
0x3a878eddb991ebcbc7c8052055b2e5ed5d0d1ba4,0.00,1260,2442
0x3b0116363e435d9e4ef24eca6282a21b7cc662df,0.00,N/A,N/A
0x3b0bc51ab9de1e5b7b6e34e5b960285805c41736,0.012192688801401486,1114,2775
0x3b42239a8bc2f07bb16b17578fe44ff2422c16f6,0.00,N/A,N/A
0x3bfc20f0b9afcace800d73d2191166ff16540258,276.635471399926371557,N/A,N/A
0x3cf5b9484ab874af65ebf7713337a03814538b0d,0.00,2289,2289
0x3dbb3e8a5b1e9df522a441ffb8464f57798714b1,0.007169119999999999,N/A,N/A
0x3e5dcce17765928400ee4a4b8905e1dd9f42a00f,191.982576833508648444,2353,2564
0x3eadb407f81d62d27f63a8881805b1735f70e692,0.00,2408,2408
0x3eb01b3391ea15ce752d01cf3d3f09dec596f650,0.00004209,N/A,N/A
0x3f2cf669c657316985b01b1b797cb259c97d6551,0.000205,2440,2440
0x3f5ce5fbfe3e9af3971dd833d26ba9b5c936f0be,0.168323762872460921,473,2723
0x3f7ba8b8f663fddb47568cca30eac7aed3d2f1a3,0.00,N/A,N/A
0x3fbe1f8fc5ddb27d428aa60f661eaaab0d2000ce,16.593203715999906176,N/A,N/A
0x3fdd0bb90f7bb6fcf58b35865d4744df8ef30404,0.000089,2687,2687
0x4073aa0f9885bbe59895a27158bbe865052678b8,0.00,1816,1816
0x41467711f2d1f6021119ffb113ae0e78251b45fa,0.010656856076727,292,2461
0x4182d887fb4fba8cd49e9f50908c13c761080ec5,0.0008135,2678,2690
0x420feb48dbb9fd6bd2b93da8770d8d3eb3e8cc6f,0.00,2324,2324
0x433022c4066558e7a32d850f02d2da5ca782174d,6.163727461251294135,379,2354
0x438e4bf92d25bced517ec3aa211a8e453e3ad80a,0.00012355168434,37,2433
0x445556b7215349b205997aaaf6c6dfa258eb029d,0.00,N/A,N/A
0x44fcfabfbe32024a01b778c025d70498382cced0,0.02,1766,2790
0x44fd3ab8381cc3d14afa7c4af7fd13cdc65026e1,0.00,1305,2173
0x45f7582fd6445918912977b9460475b5524cf962,0.00,2445,2445
0x45fde77ff768aa83df468fb1c6ebc5f2bb21dcea,0.004850091255570992,N/A,N/A
0x464b0b37db1ee1b5fbe27300acfbf172fd5e4f53,0.000000000000218184,1602,2778
0x46705dfff24256421a05d056c29e81bdc09723b8,0.030279048835681,478,2793
0x46791beea3b9138f03d312801887d907830dce51,0.00,2401,2432
0x46ffcdc6d8e6ed69f124d944bbfe0ac74f8fcf7f,0.00,N/A,N/A
0x47c439c8784b44366735fc2cfe08228cb91d5b8e,0.00,2065,2467
0x47c8f28e6056374aba3df0854306c2556b104601,0.016120100963140382,877,2674
0x4810b1571775dd861c61d87fbea1008e030a8ddf,0.00,2383,2383
0x48d466b7c0d32b61e8a82cd2bcf060f7c3f966df,0.0116446,1409,2829
0x4910e010ebf5b3366d1e80a134c1fa538ff7994c,0.00,2414,2437
0x497e4c58a4106fee817e3bece3c5c029e964eb49,0.0074262,2448,2448
0x49db6ee4507132d1fdac92318e0e6150bf786728,0.00,N/A,N/A
0x4a8d9b64ee9c7e058fe9c8cbf96375b02da006e2,0.000434574,2444,2448
0x4b01721f0244e7c5b5f63c20942850e447f5a5ee,0.089522695088415398,284,3099
0x4b1a99467a284cc690e3237bc69105956816f762,2.631960641687845751,29,2344
0x4b60b53a6edcd75f0730ecc22579df2079f210b0,0.00,2023,2683
0x4b729cf402cfcffd057e254924b32241aedc1795,0.00,784,2399
0x4bb96091ee9d802ed039c4d1a5f6216f90f81b01,125.633355674677387996,1066,3405
0x4bc2055440dd519fa4d448d2d6899e6604aaedc5,0.00,2339,2430
0x4c549990a7ef3fea8784406c1eecc98bf4211fa5,0.00,1495,2356
0x4cead27a6a2aaedaa44d35d8bf2a2c9370abbe6a,0.00,1036,2513
0x4d0e06c099dcb0ee61d0f937844376b9ab1edcc7,0.00,N/A,N/A
0x4d8f7cfae437d2c3aa63827be98a3dbd1bd9edf5,0.000483684,2433,2441
0x4df5f3610e2471095a130d7d934d551f3dde01ed,2.845591817553296614,12,2091
0x4e4e23ac3c11789e23169025503ea4373b01417b,0.724024598989332329,1946,2469
0x4e5b2e1dc63f6b91cb6cd759936495434c7e972f,959.818824745477818914,3,2335
0x4e8ecf79ade5e2c49b9e30d795517a81e0bf00b8,84.690893912299258372,N/A,N/A
0x4e9ce36e442e55ecd9025b9a6e0d88485d628a67,0.10391024053813422,2019,2251
0x4f138e1ceec7b33dfa4f3051594ec016a08c7513,0.00,N/A,N/A
0x4f88dfc8e1d7ba696db158656457797cfbdfb844,0.00,N/A,N/A
0x4f8af8e8734d02a21d73e2a4fb29941f35cbbeac,0.00,N/A,N/A
0x4fac33dabfd83d160717dfee4175d9caaa249ca5,2.841610925923175771,N/A,N/A
0x4fbc4c6c416a84e04b2239202396f378d7af51ee,0.00,2454,2454
0x4fdd5eb2fb260149a3903859043e962ab89d8ed4,116.889883920146742485,N/A,N/A
0x5039d9b575bd5722d310af6d2fc11e053c6d03da,0.00,N/A,N/A
0x5093c4029acab3aff80140023099f5ec6ca7d52f,0.00,2444,2456
0x5142127a6703f5fc80bf11b7b57ff68998f218e4,0.00,N/A,N/A
0x51836a753e344257b361519e948ffcaf5fb8d521,0.023637351728414965,126,3103
0x51907923c3280c24b6b69b0d217ea34cabde684d,0.00,N/A,N/A
0x521db06bf657ed1d6c98553a70319a8ddbac75a3,0.000067303518282,88,2717
0x52bc44d5378309ee2abf1539bf71de1b7d7be3b5,0.174541676846560136,704,3439
0x52beed3924b0824411d03ea2fe51e429717dcf10,0.00,2432,2438
0x52bef206e8e0403cd60d37e48f4f3860d9545556,0.0006041661345319,2398,2455
0x52f13e25754d822a3550d0b68fdefe9304d27ae8,0.000112032933897862,1184,1911
0x535237df0f05adf29fa878ebd0a60222d0625bb7,0.00,2443,2443
0x537397e3a68584e05e332d2ba75340e37012f50a,0.026248735256776377,2012,2641
0x548ac87629ceb858aa09b419f5b9898ec5735fba,0.005895,2453,2461
0x54b17df0bb6141c5589ef0d11c3fd7dfa166f627,0.079289682539682582,N/A,N/A
0x54b623c82365ef20680b17301bd949bcd5599eb9,0.00,2430,2440
0x5574754c7cb6618d0079065bfabdc46f31bc7a32,0.00,1072,2745
0x5580fb6e95230bf16ae7e2c6467d11566ed5b3ea,0.00541092,2339,2408
0x55ed2910cc807e4596024266ebdf7b1753405a11,0.01,N/A,N/A
0x562f587bff5a559e3fe671028b3096d8e3bb9107,0.000695976043529076,560,2540
0x563b377a956c80d77a7c613a9343699ad6123911,0.004291503491086032,1114,2767
0x564286362092d8e7936f0549571a803b203aaced,1.940452119465635603,206,2567
0x578f3c8454f316293dbd31d8c7806050f3b3e2d8,0.00,N/A,N/A
0x57a3d07e27475aa8f5d306b7bb25aebfd27c4512,0.00,2447,2447
0x580c2261f2b232d17bd5f62edc6b07e67585a829,0.1,N/A,N/A
0x587044b74004e3d5ef2d453b7f8d198d9e4cb558,0.00,N/A,N/A
0x588c0e4af4bb0cd6e63e898bf8ad555452297326,0.00,2451,2476
0x5894110995b8c8401bd38262ba0c8ee41d4e4658,0.01,N/A,N/A
0x58b249b613ce917b6ccc2f66787856ef39f4f0b6,0.00,N/A,N/A
0x58c46d06cfdcf9ca2cb590d7b79b12ffa8adce04,0.00,N/A,N/A
0x58f75ddacffb183a30f69fe58a67a0d0985fce0f,0.000274720331088,341,2662
0x5901deb2c898d5dbe5923e05e510e95968a35067,0.00,N/A,N/A
0x5978c1473ee84dd9cf3d90d0e931a79906ee52c5,0.073618590398140311,N/A,N/A
0x598f0f5fed15632e915ab3c2f928a1e02be8e30d,0.013840017280377,520,2462
0x599485dc0f3d8b308b973b2db5cd44bae46d31c4,0.00,N/A,N/A
0x59a5208b32e627891c389ebafc644145224006e8,0.041391060731270347,169,2541
0x5a0b54d5dc17e0aadc383d2db43b0a0d3e029c4c,0.005320389425860241,688,2703
0x5a2fad810f990c4535ada938400b6b67ef7646af,0.008455180553847486,1830,2566
0x5a8b20e070e82b4e3fb97ecbd71b587a74f2ecc1,0.00,N/A,N/A
0x5a9ca3c6362a53edfc78503d65a6a3b7d9af6992,0.000000115,2463,2499
0x5ab5ed6d05055b714d9d5f4bb027c6835ea8acfb,0.00037,2424,2432
0x5baeac0a0417a05733884852aa068b706967e790,0.00,630,2769
0x5bd48309926121370da1cbbd5b958926e8bdb328,0.0030175252,N/A,N/A
0x5c985e89dde482efe97ea9f1950ad149eb73829b,0.020400344822583289,422,2790
0x5ca39c42f4dee3a5ba8fec3ad4902157d48700bf,0.875706,N/A,N/A
0x5caa556d0b8fa8622b1746bcc1211429737dcafc,0.00,2427,2427
0x5e032243d507c743b061ef021e2ec7fcc6d3ab89,0.279798695650746381,1878,2384
0x5e1f89284b8283edcd082901b78c7589f39d5b51,0.00,2389,2443
0x5e575279bf9f4acf0a130c186861454247394c06,0.032974351866763918,1791,2987
0x606af0bd4501855914b50e2672c5926b896737ef,0.098594594594594595,N/A,N/A
0x606b2272215a0cdd1cf4f38293ffaa42f0f56c34,0.284810862601171587,861,2594
0x61edcdf5bb737adffe5043706e7c5bb1f1a56eea,498.965361943022529453,N/A,N/A
0x629a7144235259336ea2694167f3c8b856edd7dc,0.00848255,N/A,N/A
0x62ee4a3c690c9660762c52bf1a232365c86c879b,0.00,2644,2644
0x634cdd7ebeccccf517cd8f4eca959474bc1b58cc,0.000000099,2447,2450
0x6353940eabe11c7cd78ecc2085ae65cdacc5a92b,0.00,2464,2464
0x635c9c9940d512bf5cb455706a28f9c7174d307f,0.00,N/A,N/A
0x636141b2c9a53371faa2a2fe90e4d4c6b801397b,0.00,2436,2436
0x63a9975ba31b0b9626b34300f7f627147df1f526,332.567468194302174169,3089,3381
0x63cdd7f7f28727e6a5d16418c402073ff48b8e52,0.00,2351,2439
0x6411a822850dcfe2fae215248e47de77b1738bea,0.00,N/A,N/A
0x642430e36695ea0a1c3b72e61168c5e797e6b80b,0.00,2433,2433
0x645a3f2fa86be27a4d9a3cc93a73f27b33df766f,0.00,N/A,N/A
0x6467738e59dac6ca0675cca98a9ec2e45a3f774c,0.00,N/A,N/A
0x64b212d2fe54db498df6099e5a9afa8298068f89,0.000139,2431,2432
0x64c940690a3660e68d93d8c6412d900bdd3e11e5,0.00,2413,2413
0x6537b65a50a862391515455272f9b6c7168afe94,0.003954269153708026,2194,2351
0x65ef72c11c53c9ae2fc923cf7780dd030c02ae0a,0.00,2500,2500
0x65f9b2e4d7aaeb40ffea8c6f5844d5ad7da257e0,0.0116446,1409,2952
0x660cdee72302d2941a43db1275eded7827023baa,0.282437282100804239,N/A,N/A
0x66666672e63f056350c3e79dc605edc36aa8b952,0.00,N/A,N/A
0x66f820a414680b5bcda5eeca5dea238543f42054,0.431692104285876777,392,2200
0x6748f50f686bfbca6fe8ad62b22228b87f31ff2b,0.008103535210351792,408,2790
0x6795cf8eb25585eadc356ae32ac6641016c550f2,0.002115851340388856,114,2370
0x67e4bbe50fbc74633dfd9f7683465c02af896541,0.00,N/A,N/A
0x68795c4aa09d6f4ed3e5deddf8c2ad3049a601da,0.00958000345,3069,3422
0x689c56aef474df92d44a1b70850f808488f9769c,0.007578289001501967,410,2357
0x68c41a0bbe7c936f68764f01b170154b657a194c,0.00,N/A,N/A
0x68c4b7d05fae45bcb6192bb93e246c77e98360e1,238.619922484569932315,N/A,N/A
0x68ceaa85cebd73acd8af16409f14c2e0d44d83aa,0.00,N/A,N/A
0x692aaca2f88ed1c6dbd3e4040ec12ee296560cc7,0.000139,2425,2425
0x6931e6948702245964dd446333c3bebd989d5e76,0.00,2450,2450
0x699cbeaa28a49e096df00011d734803a0b8f5f80,0.00,2667,2679
0x69c46c1e40465ae9a6c90990ae1568005fe62d6e,0.000000981462377405,2688,2762
0x69e37aba9b520a204bb0baebd76b0ac1a2390b37,0.00,N/A,N/A
0x6a0afe6f45a878100480f312b585aa0d752d4d2d,0.002536874,1830,1975
0x6a164122d5cf7c840d26e829b46dcc4ed6c0ae48,000.467258844676060212,2521,2684
0x6a4ebd8ce47b1362ea809d93f1beb744c4ffd7ee,0.00,N/A,N/A
0x6a7a43be33ba930fe58f34e07d0ad6ba7adb9b1f,0.000758341860641006,1440,2745
0x6b431a7a99780819473722161ee9145e5649c5e2,0.00,N/A,N/A
0x6b71834d65c5c4d8ed158d54b47e6ea4ff4e5437,0.00,612,2297
0x6b7c523f0655bd5a18e4cc53b53659cd3def0307,0.00,2434,2434
0x6b7d50bb8fab584e54251a10e1c6cfa51dd7b618,0.00,2402,2609
0x6c20ef21e604028c649247c581e8e49fda6191ca,0.00,2389,2485
0x6c3183792fbb4a4dd276451af6baf5c66d5f5e48,0.001306993298439863,1277,2566
0x6c722b811ea96f2ea89436aeea70a3bcd91f669b,0.00,N/A,N/A
0x6cc5f688a315f3dc28a7781717a9a798a59fda7b,127.532745610972205291,2500,N/A
0x6dd5a9f47cfbc44c04a0a4452f0ba792ebfbcc9a,069.794476554984263341,2,2755
0x6e65c01099acfda3fdcee97249caf30241baf679,0.00,2448,2448
0x6efb20f61b80f6a7ebe7a107bace58288a51fb34,0.00,1145,2393
0x6f6deb5db0c4994a8283a01d6cfeeb27fc3bbe9c,0.004782072188996613,N/A,N/A
0x6f803466bcd17f44fa18975bf7c509ba64bf3825,0.059913993521663353,87,2391
0x6fc82a5fe25a5cdb58bc74600a40a69c065263f8,0.00,N/A,N/A
0x705f704d11020ff07acde8592bb80b044e15de16,0.00,2419,2419
0x7098c7113c2ecaf48baad07e598c74c2689a5795,0.2,2679,2679
0x70ba69fcb5720ba8d573b78f641eecb775c0e5a9,0.001782402222188812,2443,2522
0x70faa28a6b8d6829a4b1e649d26ec9a2a39ba413,0.000201512270757,1108,3013
0x71168843b49e305e4d53de158683903ef261b37f,0.00,N/A,N/A
0x7172c5b24bdce3b93a78c53ef1ece011b0472c1b,0.00,N/A,N/A
0x7197e9d17b8a5d219e0facea59301eb7eef5ef87,0.00,2443,2448
0x71e7c73375efbefdf7b4be67e768d9038dde2488,0.004378528369315598,N/A,N/A
0x72101d19ed90ad71ffaaf6c328930ab9646e751f,0.00,N/A,N/A
0x72844ab8b5f59c0251bcce6ef5f2be92d7528c1a,0.00,N/A,N/A
0x72bcfa6932feacd91cb2ea44b0731ed8ae04d0d3,0.056009815146117409,12,2393
0x73957709695e73fd175582105c44743cf0fb6f2f,0.01486057909190821,1848,2500
0x742d35cc6634c0532925a3b844bc454e4438f44e,340.032469711712246737,7,2456
0x746aaac06b04c36f5fea9bbb35ca75518eda1cca,0.00,872,2389
0x749bd34c771456a8de28aa0883b00d11273e2ede,0.000328491128749739,1445,2558
0x751b934e7496e437503d74d0679a45e49c0b7071,0.00,N/A,N/A
0x754a7657092fd2862338ff06ce02cfc389d49e21,0.00,2453,2453
0x75ba02c5baf9cc3e9fe01c51df3cb1437e8690d4,0.010096155758481941,N/A,N/A
0x75e89d5979e4f6fba9f97c104c2f0afb3f1dcb88,11.625278264427534692,2381,N/A
0x762ad6be3f56a132f99cc0cd6ba4c84d1e992824,0.00000008,2427,2458
0x7727e5113d1d161373623e5f49fd568b4f543a9e,0.00,N/A,N/A
0x7768a2e685da843a7dcf9a0f09b4d03d8d7fb6c4,0.00,N/A,N/A
0x7793cd85c11a924478d358d49b05b37e91b5810f,237.902508015855273885,508,2463
0x788ca5935759c06ea223d0e2cf5ea5729d669c18,0.00,N/A,N/A
0x7891b20c690605f4e370d6944c8a5dbfac5a451c,948.837280901469713401,4,2608
0x78c544eede78eb781707a1d46377bf6be9d028df,0.00,1311,2452
0x7929417834345d62b366d027fb143eaa179ddbce,0.020844674688658901,2116,2429
0x7942ec88b93ac9227957a118d8d09aa736c886a1,0.00000000561111961,1501,2497
0x7a10ec7d68a048bdae36a70e93532d31423170fa,0.064504594300746624,385,2326
0x7b66563dd534c3e66fee08c995da9d5e77c883f9,0.005895,2468,2505
0x7bac8115f3789f4d7a3bfe241eb1bcb4d7f71665,0.00,N/A,N/A
0x7bb187351421c3affda57c7a5132e304f73167c8,13.154699234419471681,N/A,N/A
0x7c27f68b0d5afffb668da3e046adfba6ea1f6bc3,0.000168540628683,435,2641
0x7c49e1c0e33f3efb57d64b7690fa287c8d15b90a,9.871330790558696077,2460,N/A
0x7c4b4bb0bb0fadbcb1c54ed55a3b4f1d456726c6,0.495809248681627339,N/A,N/A
0x7c6694032b4db11ac485e1cff0f7509d58b41569,0.172509963851917482,2173,2537
0x7d5d58560819c172e45b46c0965bbda5a8895f80,0.000183068535258,109,2466
0x7d922a4f7f24ffcb130c4eeaf291a6475e3e4dd2,0.000139,2445,2445
0x7da82c7ab4771ff031b66538d2fb9b0b047f6cf9,534.343346947593314478,N/A,N/A
0x7da9fcec7d8cd0e13d0dac193fffe4cbe888814c,0.00,N/A,N/A
0x7db9656fc8435f765df5748e32bf329098ffb5fb,0.00,2411,2411
0x7dfebdd6902f3df5a0f247d18f7895116f640bd1,0.00,N/A,N/A
0x7e4b0abad3407b87a381c1c05af78d7ad42975e7,0.00,N/A,N/A
0x7e6614722614e434c4df9901bab31e466ba12fa4,0.00,N/A,N/A
0x7ed44f8b304cd71664cbe8c94614660859fca2c6,0.00,1268,1992
0x7ef35bb398e0416b81b019fea395219b65c52164,0.002523086402802,479,2681
0x7f3b29ae0d5edae9bb148537d4ed2b12beddf8b3,0.000394581695319,1226,1890
0x7f642b25a930f732f4214f69df0d0d2f647bcc63,0.00,2434,2436
0x804a67880f461c2ba4b927a10e99e371962b0f3f,0.00,2427,2454
0x810c99c5de0a673e4bc86090f9bfe96a6d1b49a7,0.00,N/A,N/A
0x8196cdd6e17991b22816bb9cdd31faceecf2f816,0.594582396497907218,N/A,N/A
0x8271b2e8cbe29396e9563229030c89679b9470db,0.158133003433520135,1791,3022
0x829bd824b016326a401d083b33d092293333a830,0.202098402009847544,38,2767
0x83940770976605dda722a620dd9d91825c8d65dc,0.00,2427,2427
0x83c1ded540d8b6b734885ed9083a5c4e4f142e73,0.00,N/A,N/A
0x83e240d1cbc6ec7f394cd6ba5ed01b7fcdf44ed5,0.00,N/A,N/A
0x8408263f4f0691db34bd7666b5af61e19cb91b91,0.00882937,2507,2508
0x84106febe96b45d1a6cf1dceec8285c46faf25de,0.00,2407,2407
0x841991ffe0dafd619bc517d82ee4700c37136140,0.006098484,1893,2377
0x84a6ddb94f9d16334896f581c7f927a9e6ae5601,0.000000000000084274,N/A,N/A
0x850468f69fa4fe32816cd7698fd5bd1ece3e1d5c,0.00,2244,2535
0x851b7f3ab81bd8df354f0d7640efcd7288553419,0.317904339999629335,N/A,N/A
0x85234c92d4dddf239df9c76497a6516fdf546577,0.00,2211,2364
0x8533a0bd9310eb63e7cc8e1116c18a3d67b1976a,1.145433674598067899,553,2418
0x8595dd9e0438640b5e1254f9df579ac12a86865f,0.012626301701796604,1115,1943
0x85992bb01c8c64a80656c1df988f313af6b661e9,1.034435608906249319,2311,2617
0x85d642eafb5f15ef54852b57302040ab066ff2c4,0.00,2306,2431
0x8606704880234178125b2d44cbbe190ccdbde015,0.00,N/A,N/A
0x8658863984d116d4b3a0a5af45979eceac8a62f1,0.00,N/A,N/A
0x868413a5d2fe073114e5358c576779ad10df2644,30.12371756,N/A,N/A
0x873767026deab58b3d14ceb60a0c9ba60773e3e7,0.007527555464555682,N/A,N/A
0x874d5e5654811af020bf3530d8fd49abb7fdf7a7,0.00,N/A,N/A
0x875c9a271eab0daf1f78d061879784a24c044b2e,0.00,2289,2289
0x876eabf441b2ee5b5b0554fd502a8e0600950cfa,3.912687993209562072,554,2600
0x882c3163237009dca0aa3d479f73eb55639339e4,0.00277616112732927,2448,2450
0x8858297c69ed011c48feaa96f0c89349ef389b67,0.00,2434,2434
0x88bdeb65ed500794118d0e5fdf5808d23bb74e73,0.00,2441,2534
0x8909cc8d294544ca2c956550edbcb59ce4f2a9ad,0.00,2430,2436
0x8958618332df62af93053cb9c535e26462c959b0,0.000237617301747,647,2588
0x89add413f34c4858458d658a9f24456551762803,1.99786575,2431,2472
0x89c0e39f3b3be95c238912788687dbaebe7e6a2b,0.006551000000003,1409,2441
0x89c5043a38736f37d12bf1d3a1bb82894b3ebe14,0.003000005695882,1239,2468
0x8a0e85901849b40a7f80399a00f7115193c0bdb2,0.00,N/A,N/A
0x8b30e174bddb3c0376e666afb8a4196e2f53182d,0.00,N/A,N/A
0x8b56ef96c1cc67dac0a57ccea197a2ef1568ad33,0.00,N/A,N/A
0x8bb76c5ae6b7d6bd1678510edd06444acdf8f72b,0.00,N/A,N/A
0x8c097a9c954894c8779edef955398d6b8ea7226a,0.00,289,2678
0x8c2036ce61648fcddffb06d6d11fe0b479ed63fe,0.00,N/A,N/A
0x8c73126b85f59d85aa61391579b4c2710dd70f96,0.00,N/A,N/A
0x8c9d135ac2778e1a7d326932aad302e7c22c94d7,0.00,2383,2383
0x8d35067233605bef6069191ae0922d134ff80d48,0.00,1690,2492
0x8d4426f94e42f721c7116e81d6688cd935cb3b4f,45.94865,N/A,N/A
0x8d451ae5ee8f557a9ce7a9d7be8a8cb40002d5cb,0.003611568509039887,114,2370
0x8d76166c22658a144c0211d87abf152e6a2d9d95,0.00359517,1535,2058
0x8d9d0bd75319a3780d3cab012759efbae334291b,0.765996987423338059,N/A,N/A
0x8dcaeebf49a479ed5e5b3b45a38c9125a0ef6d23,0.00031355247,1212,2571
0x8e7fc617e87b39bd5fe1767a95afa53d2c79f147,0.00,N/A,N/A
0x8ee2ba41ef59b5773e5909451e0b8bad4e59a81b,0.00958,2631,2631
0x8f95d25bd5ec1973b8cbcd9572a7287f03420ca7,0.00,1820,2150
0x8fa8af91c675452200e49b4683a33ca2e1a34e42,0.009579999999999248,2038,2223
0x8fce1ef27f3add1411c7a99be402de598ad38389,0.005386634084060552,225,2194
0x8fd5bfbc2f61a450400ae275e64d1e171c05b639,0.00,N/A,N/A
0x903dc47aa7c40f9f59ef1e5c167ce1a9b39a2bff,0.00,N/A,N/A
0x905475cbca398e8fee6e35bcb2f530a3474b78ce,0.00,2496,2500
0x91459992bcbf089851abffa033559c2eef120469,0.00,2408,2413
0x915d7915f2b469bb654a7d903a5d4417cb8ea7df,0.00,1799,2429
0x91f6d99b232153cb655ad3e0d05e13ef505f6cd5,0.00,N/A,N/A
0x92cd726ce03ceaa4bf7198ce9c52d05d63cee575,0.00,2443,2443
0x9327cb34984c3992ec1ea0eae98ccf80a74f95b9,0.009559001,2760,2760
0x934f49fcf451a34026e3dfc3f26a1de01b83b509,0.00,2438,2438
0x93b7e9364c4df6de55ed0d10c80e7afc0612e93a,0.00,17,2777
0x93d8d5bb1f1e4822f3c614d9a09e7c5e3fabc13a,0.00,2500,2500
0x9435d50503aee35c8757ae4933f7a0ab56597805,0.000291181461017165,1458,2881
0x944a3f5641d6faf7a6abde4ec31e40d0929955ed,0.000264769,2759,2759
0x94c654fef85b8b0a982909a6ca45b66bb2384236,0.00,N/A,N/A
0x9539e0b14021a43cde41d9d45dc34969be9c7cb0,0.000989213509788,1089,2585
0x956e0dbecc0e873d34a5e39b25f364b2ca036730,0.002539149024279,479,2414
0x95b2eb812ce96cabc6dfd94bfcdae5192e027763,89.186353504417777777,1355,2559
0x95c5db5bd9a0260fc457af4f6fc6de7819d9b1a6,0.00,2409,2455
0x95ffcdf36129e5e256190609cd97841d03e52356,0.00,2377,2454
0x9655eb5183e3d373c6db087dd8fc6dae3c5047f1,0.001179365,2511,2521
0x967cd47aa3195cff1248ac123e8a452d84daba1d,11.115196484362772475,2155,2528
0x967f1c667fc490ddd2fb941e3a461223c03d40e9,0.00,N/A,N/A
0x96fc4553a00c117c5b0bed950dd625d1c16dc894,0.000663424800001376,588,3186
0x97b20481241fe3cb9cc9ba50609d377b2506cdaa,0.00,1200,2450
0x9826d8246e0c38cd3ec3f8b6d733be6001c2c712,0.00,2430,2441
0x983293eb01740d9788bbdcfe3a29d1bf2fdfc47d,0.01137718,N/A,N/A
0x986a2fca9eda0e06fbf7839b89bfc006ee2a23dd,0.00,1011,1957
0x98d67bc5ba8e43721972204e5e1e4eaef43cadb1,0.00,286,2425
0x9999998a72a185006f1d17e57d4e586599afb75f,0.00,N/A,N/A
0x999999c60566e0a78df17f71886333e1dace0bae,1.626272653187410189,N/A,N/A
0x99c85bb64564d9ef9a99621301f22c9993cb89e3,0.001241237011455,1115,2486
0x9a3487c0d300c4d3a7b3ff38d7a18c53c66f1c49,0.00,N/A,N/A
0x9a41b63664fd1bdf52024e8a3998d7c6a3839d62,0.00,N/A,N/A
0x9a4afeaecd8efe2a7186365b55e72503d555713b,0.00,2323,2332
0x9a4cd44c1a55cfda565430dee9bfb54f2aacfd6a,57.50396479,N/A,N/A
0x9a60ad6de185c4ea95058601beaf16f63742782a,0.017479363819029866,N/A,N/A
0x9b10206f236669f4f40e8e9806de9ab1813d3f65,0.00,N/A,N/A
0x9b76ad3435e2cbd4e08feea210a9972465a4748c,0.00,2446,2446
0x9c67e141c0472115aa1b98bd0088418be68fd249,0.103062338627055516,2621,3122
0x9cbadd5ce7e14742f70414a6dcbd4e7bb8712719,0.000048454979601,106,2303
0x9d217bcbd0bfae4d7f8f12c7702108d162e3ab79,0.311190711799217725,N/A,N/A
0x9d551f41fed6fc27b719777c224dfecce170004d,0.00,2751,3440
0x9d6d492bd500da5b33cf95a5d610a73360fcaaa0,0.00,768,2164
0x9db99e73c52bcc353963022ac184a25e80f655bd,0.00,2423,2423
0x9df172fc167a8a567c208fc14e3435eb8043e2b7,171.603518886874014777,2135,2584
0x9e1836e45e88c92926105910d4a5988a1f677181,0.080797892769911217,N/A,N/A
0x9e55507a10af47f0a60493e77af432d588b9907b,0.00,2410,2410
0x9e6316f44baeeee5d41a1070516cc5fa47baf227,0.00,1208,3195
0x9ee1e7d4f70a698689557b6bb67e8b6555e36d59,0.000000000000785245,2384,2384
0x9eea7fda3c78cd8c096ae229de8217a94cd1bcfe,0.00,1429,2442
0x9f547e89078b24d0e2269ba08eb411102e98ca14,0.00,N/A,N/A
0x9f5ca0012b9b72e8f3db57092a6f26bf4f13dc69,0.0354848921873461,1556,2427
0x9fb01a2584aac5aae3fab1ed25f86c5269b32999,0.009305566176374371,1543,2313
0xa027231f42c80ca4125b5cb962a21cd4f812e88f,0.00,2178,3431
0xa04fc9bd2be8bcc6875d9ebb964e8f858bcc1b4f,0.00,2798,3382
0xa0c7d4f3fc7f8a46fb58990228d0b82a0354f371,0.0000097,2142,2418
0xa0d4bee1beeafce031c56cfb40210746cc6ab2d0,0.00,2433,2433
0xa0db892affca7ec5ba3cea5d03fc0bc53db34036,0.00,N/A,N/A
0xa12431d0b9db640034b0cdfceef9cce161e62be4,0.14041663361551836,3,2578
0xa2537d2efd038b90b192ecabb8126e282cd538e0,0.00,N/A,N/A
0xa2630fc0233940779f25dfdcff3abbdc85682a4c,0.00,N/A,N/A
0xa2c9a7578e2172f32a36c5c0e49d64776f9e7883,15.514289185821996878,1495,2935
0xa30d8157911ef23c46c0eb71889efe6a648a41f7,761.284493101314803437,188,2682
0xa33516e6f64c6c2869dff6744953a472cd60c8f6,0.12938885841491267,N/A,N/A
0xa3a89db39f4cbfb8753259456332ce8373ff5bad,0.00,N/A,N/A
0xa3c084ae80a3f03963017669bc696e961d3ae5d5,0.00,1418,2553
0xa3e785ee490e1102fe32512973c96dc7dc876348,0.00,1580,2465
0xa3ee246232ebd99ec9a07851116f9f67380c5e6f,0.00,2433,2540
0xa42af2c70d316684e57aefcc6e393fecb1c7e84e,0.009710404048594518,2498,3096
0xa43d3805105922989e58a5188193c283fff471e7,0.00,2450,2450
0xa4ddd3977920796bfb14ca8d0fb97491fa72a11d,0.00,N/A,N/A
0xa4eeb26d8a0d30b748d3a29705e51e5325f2914a,0.00,N/A,N/A
0xa52e014b3f5cc48287c2d483a3e026c32cc76e6d,0.000000000000005841,N/A,N/A
0xa5384627f6dcd3440298e2d8b0da9d5f0fcbcef7,0.000029760105000001,N/A,N/A
0xa5d1e58ece1fc438d64e65769d2ab730143a4caf,0.696988902432127803,N/A,N/A
0xa5e83199a7ecb6669064d492f15ddc096b6cbab8,0.00,2413,2413
0xa6048af9aee7a179777524a6968c20ac0eb1f125,0.00,2323,2324
0xa61344257ed7c98b4690572e63797d75b0753f96,0.00,2436,2436
0xa62142888aba8370742be823c1782d17a0389da1,120.576218709160002022,N/A,N/A
0xa62cb4bd9e69e9170a2d973aa3aece5a1215d41c,0.00,2444,2445
0xa646e29877d52b9e2de457eca09c724ff16d0a2b,350.110000666558863697,N/A,N/A
0xa6e71bdc40952eb1c083e5ae4940d70886296724,0.14992436575745433,2568,2698
0xa6f89e1d3de44691ef031706e13c1ad091fd60f6,0.00,N/A,N/A
0xa723606e907bf84215d5785ea7f6cd93a0fbd121,0.07953791216258813,N/A,N/A
0xa74642aeae3e2fd79150c910eb5368b64f864b1e,50.64571883650694048,N/A,N/A
0xa7a402266ceea0652ea8eafd919d619d16bee134,0.00,N/A,N/A
0xa7f72bf63edeca25636f0b13ec5135296ca2ebb2,0.00007803,2082,2127
0xa8454096f4a18e0252b411f670b3dd9d21465e75,0.00,2766,2768
0xa855c20a1351acd2690c716e2709c7dff3978d12,0.002560115139653229,1698,2345
0xa85b419eee304563d3587fe934e932f056ca3c14,0.051928479067621289,N/A,N/A
0xa8660c8ffd6d578f657b72c0c811284aef0b735e,0.00,641,2600
0xa86a60d53e6f474e049be54824551bb99f05adee,0.0000000000005913,N/A,N/A
0xa888868100e2a027ed97425a2307958b99a9495f,0.006009011813274503,1225,2432
0xa8ace92ea2d9174f75208ee44495f459e0491a96,0.00,N/A,N/A
0xa910f92acdaf488fa6ef02174fb86208ad7722ba,0.99453574792820346,14,2229
0xa9aabbfa7d2f1a7e946186cdfe056c9693fe3841,0.00,N/A,N/A
0xaa6ac9f7500a42ca0e76e0176face67938daaa11,4.206139,N/A,N/A
0xaa8cec9cbd7d051ba86d9deff1ec0775bd4b13c5,0.00,N/A,N/A
0xaa90b4aae74cee41e004bc45e45a427406c4dcae,0.00,1188,2510
0xaa9fa73dfe17ecaa2c89b39f0bb2779613c5fc3b,0.00,926,2353
0xab11204cfeaccffa63c2d23aef2ea9accdb0a0d5,0.0116446,1409,3027
0xab2b2957d734d069b93227dfab93f1302f1930ab,0.00,N/A,N/A
0xab5c66752a9e8167967685f1450532fb96d5d24f,0.020747961059154,478,2792
0xab83d182f3485cf1d6ccdd34c7cfef95b4c08da4,51.438475891959638168,898,2562
0xabc490af011c8e354b7d2112648883fe9e511695,0.006537488001976567,2664,2664
0xac14590ad8184a48302f59a8baaf924b865de4c5,0.00,2383,2383
0xac1b275f272f15c226b4e099a4cbf4e53b366cc7,0.00,N/A,N/A
0xac57457748d66139ec89a6d1b13bf119a1efb31a,0.000000000752535669,806,2427
0xad54edbe26782a7c190eabc0b35869b0e66ffcce,0.00,2202,2703
0xad8ea3b0215e6efd9d2f2aa22baf6d494dbf7662,0.000000000000638482,N/A,N/A
0xadb2b42f6bd96f5c65920b9ac88619dce4166f94,0.01695022524599391,478,2788
0xadb72986ead16bdbc99208086bd431c1aa38938e,0.00,1571,2038
0xae18c66ac8e11f1218e5b5d25535b935644b8c42,0.00,212,2520
0xae7006588d03bd15d6954e3084a7e644596bc251,0.00,1558,2251
0xae9dcec1fb0814ca02ca1e6690d05f33488b4c8b,0.00,2448,2448
0xaec1f783b29aab2727d7c374aa55483fe299fefa,0.02,N/A,N/A
0xaeec6f5aca72f3a005af1b3420ab8c8c7009bac8,13.185920121892940114,10,2649
0xaf518d65f84e4695a4da0450ec02c1248f56b668,0.00,1831,2734
0xaf6a5b0998ff41355f3b4fe1ab96d89bd2c487d3,0.00,N/A,N/A
0xafa1c92a27215d1d1dad4fa89972e7c8d91218f9,0.08325501390279887,521,2486
0xaff9e40f9b245b15a1d1bb45516ca213e682fa81,0.002123362694017,2644,2644
0xb018af916ed0116404537d1238b18988d652733a,0.00,N/A,N/A
0xb0608ca76d2ec6984f652829e887811516e4b846,0.00,2408,2408
0xb0c591788ac5f9638a8aea025019e626f17186df,0.00,1517,2481
0xb1c5d524382324c9472c6f8e1a3c0a64465a4902,0.00397033103725371,N/A,N/A
0xb2930b35844a230f00e51431acae96fe543a0347,0.08610758184616198,1385,3228
0xb2bc3b9558a22a73edd531c590593f5e4e3370a7,0.00,N/A,N/A
0xb2cc3cdd53fc9a1aeaf3a68edeba2736238ddc5d,0.506656771980856265,9,2586
0xb316cb2de8f2e6aed5a78a586f1c8dcc80c48802,0.00,N/A,N/A
0xb33f5f5172fce076e9355afcf2529982260b7a4b,0.00,N/A,N/A
0xb3775fb83f7d12a36e0475abdd1fca35c091efbe,248.321948583125353846,N/A,N/A
0xb48c99c37b7cf4ac0a1c2dca518782c1feb4f066,0.00,2408,2408
0xb4e23d717ed13345498f100c9eacbb256916ae1a,0.000621076947887667,N/A,N/A
0xb4e817449b2fcdec82e69f02454b42fe95d4d1fd,0.00,1387,2598
0xb53e95a4b7c5e15a790df3a66709b2e9f1cf9e3f,0.54687011086,1570,2439
0xb55d31e46428beb28234b62d5178dad5ec8ad8ca,0.003262040853039918,2530,2553
0xb5a5a031d8b8577871384be6055b2ea29fac064c,0.00,N/A,N/A
0xb5eb9d18c0413535baf1fa8bd8bf8f6ea7fea47a,0.00,2457,2457
0xb619a34abac80478ae6a93527fdeaeeb0e51e934,0.0001,N/A,N/A
0xb62ef4c58f3997424b0cceab28811633201706bc,2.400804649044025073,N/A,N/A
0xb6ba1931e4e74fd080587688f6db10e830f810d5,0.002180202200064,1100,2696
0xb726da4fbdc3e4dbda97bb20998cf899b0e727e0,0.126003161991474445,N/A,N/A
0xb794f5ea0ba39494ce839613fffba74279579268,0.779991610348891886,1619,3450
0xb7f9fdb9f3f6142cf5e2b7bee8aeba059dfb091b,0.00,2279,2279
0xb85e52268cbf57b97ae15136aa65d4f567b8107c,0.00,N/A,N/A
0xb8cf411b956b3f9013c1d0ac8c909b086218207c,0.0111412,1608,2552
0xb952ccbc1893c4dd1701bde249e62fc3ed357967,0.00,N/A,N/A
0xb9b9b6aca1a0cf4ea4eb0ced466d66a62f8eb072,0.00,2279,2279
0xb9ee1e551f538a464e8f8c41e9904498505b49b0,0.00,485,2583
0xb9ee29ff43d319c126ed2dbdd74d49a2659ede56,0.00,2437,2437
0xba2be1cd1f00470c21385b7cbed6211aefac0172,0.00,N/A,N/A
0xba826fec90cefdf6706858e5fbafcb27a290fbe0,0.298967241757405049,1426,2386
0xbaf18322ce288b08b2c58081fd0d1a9f03a9ea37,0.00,2460,2460
0xbafc0bf857ae9b8feaed937ac90e44d90a487c72,0.00,N/A,N/A
0xbc85a12364c9e375801c00aad17b893fc4c8f5b6,0.01,2673,2768
0xbd2ec7c608a06fe975dbdca729e84dedb34ecc21,0.00,926,2352
0xbd8ef191caa1571e8ad4619ae894e07a75de0c35,0.272979514666852744,1794,2291
0xbdd5645986f492954465b5e407f7528c0cf88ffa,0.000080928262737,1035,2550
0xbe0eb53f46cd790cd13851d5eff43d12404d33e8,008.368784683153196105,48,2280
0xbf471cc7379befe3612cec5b6f24344415da4f24,0.003707206186317972,1530,2433
0xc02d4bd00f642d2821e4279c810dd7b6e49264f8,0.00,N/A,N/A
0xc03281af336e2c25b41ff893a0e6ce1a932b23af,0.01,N/A,N/A
0xc04b5a4556d00bca8eac5f5acca31981a6597409,0.00,N/A,N/A
0xc0ded1d24c071ca13a905ec5e54a6ffdd0c4df68,0.00,2677,2677
0xc0e30823e5e628df8bc9bf2636a347e1512f0ecb,0.000082515376608,400,2332
0xc11cce040583640001f5a7e945dfd82f662cc0ae,0.00,N/A,N/A
0xc18166e01970be040d8c7761cdd1c3372ae1edf0,0.00,N/A,N/A
0xc1f9c01602043fcef642cc8601bda13ca29b7a9c,0.000539802,2425,2443
0xc2cce1f4190d4451c63cf591678c807679c3d728,0.00,N/A,N/A
0xc31db08240a11df6a4c159ff4e6d69f484fc3828,0.00,N/A,N/A
0xc39e562defc6ddd1f44ee698cf9303092b86051d,0.00,N/A,N/A
0xc3caf142a41b0fae78a922c25fc0eecdcf0985d1,0.00,2433,2433
0xc42bfd4f93b46037888602c3e7e6e57d65e87e73,0.00,2407,2407
0xc4904676bfee9b5332033e6f7307433635346d21,0.000972951299979,1351,2448
0xc4b1a260735fdc817409183db8594baf9f0b0f2f,0.009139,2441,2441
0xc640b901a529c58fb6f6c53665768e2d5c835421,0.401911471907325375,N/A,N/A
0xc6725ae749677f21e4d8f85f41cfb6de49b9db29,0.00,N/A,N/A
0xc6aacdf2cb021515009098025a0ece472608918e,0.00,N/A,N/A
0xc78310231aa53bd3d0fea2f8c705c67730929d8f,0.00,1088,3052
0xc79ab28c5c03f1e7fbef056167364e6782f9ff4f,0.010810271131893732,N/A,N/A
0xc7cd9d874f93f2409f39a95987b3e3c738313925,475.534165330527033717,N/A,N/A
0xc839ee5542b4e8413246b3634c5c739fea949562,5.540768270743125512,3415,3435
0xc869af1617a9032a7c8ee60427027ba23cb9e4f8,0.00015786,2544,2560
0xc87b1bf162c1719e3ffdf34995d1853192d6633b,2.679442545441247452,N/A,N/A
0xc893f7e271d1436ae3758cd59d5242884c02fb7f,0.00,N/A,N/A
0xc8bda09b2ddd5a3bf9465dde8d6e0bc3a19072f7,0.00,2281,2281
0xc91293245b669da19a96cd85d40bb9c203359657,0.00,2249,2249
0xc98f8c6b319ecceccaa9361ed5372274674f96cf,0.00,1323,2532
0xc9f32ce1127e44c51cbd182d6364f3d707fd0d47,0.020118,2760,2760
0xca48ba80cfa6cc06963b62aee48000f031c7e2dc,0.000268734688341,99,2641
0xca4da1753336aa8340710e0e1a8c0bee2bfbf56c,0.00,2644,2644
0xcaa5854034d7eda409e2479c6c0351c167e21a08,0.009139,2441,2441
0xcafe1a77e84698c83ca8931f54a755176ef75f2c,0.00,N/A,N/A
0xcc13856ac5ec565c2ef8770a347a224351163dca,0.00,2446,2446
0xcc1aac4513f751effc94e259daf8a37b76f9db75,0.00,N/A,N/A
0xcc22cb1b6625b64e81909456111d76be6158dfbc,0.00,1942,2062
0xcc7ecc050aab5843c79f14933e207f032bc16b78,0.00,N/A,N/A
0xcceed0b7185fbe7f69c083a6c0f6ff5910548d75,0.00,N/A,N/A
0xcde79393c6f0deb9b7b51579a386c853feb8e104,0.058569,2432,2434
0xcde79f10b689a716029d0edb54de78b1bbc14957,0.00,N/A,N/A
0xce1bf8e51f8b39e51c6184e059786d1c0eaf360f,0.008107405425602384,1406,2319
0xce1e2b5ffe4d441abafd136768f24867101dfa50,0.00,N/A,N/A
0xce52a8dd7c8ad08e94b44620622e3630f7c1fc90,0.00,N/A,N/A
0xce52d38539e1e557f184f1073a59f69c9ba95f28,0.00,2753,2753
0xceebb2d0cdc85e9774a232bab74c45fc883c15e4,0.00,2464,2464
0xcf6ce585cb4a78a6f96e6c8722927161a696f337,0.001776767503391304,935,1910
0xcf7787ca25010d3dbfa2ccc32ea58d2160290ef4,0.00,2305,2577
0xd0c1bdb51514f144f11169140d408c26bd89f9e5,0.00,N/A,N/A
0xd0db3c9cf4029bac5a9ed216cd174cba5dbf047c,0.000000018954449821,1255,2249
0xd1560b3984b7481cd9a8f40435a53c860187174d,0.21397654,N/A,N/A
0xd1ceeeeee83f8bcf3bedad437202b6154e9f5405,0.02,N/A,N/A
0xd1e12869f076f1fc88ced475144d372988bd6b97,0.00,2032,2401
0xd1e56c2e765180aa0371928fd4d1e41fbcda34d4,0.000000028,2794,3435
0xd20e4d854c71de2428e1268167753e4c7070ae68,0.014741351467474626,N/A,N/A
0xd224ca0c819e8e97ba0136b3b95ceff503b79f53,0.003778177343472425,1180,2207
0xd24400ae8bfebb18ca49be86258a3c749cf46853,31.646423974107623021,3180,N/A
0xd289bc0a919e75b824f4dfc376e9f24c119ed3f3,0.00737,2457,2472
0xd3273eba07248020bf98a8b560ec1576a612102f,0.006696430408998793,1114,2775
0xd344539efe31f8b6de983a0cab4fb721fc69c547,0.1,N/A,N/A
0xd34da389374caad1a048fbdc4569aae33fd5a375,2.247878498530503149,2736,3263
0xd361339550cd8b3e9446bbb12aea337785a7aea4,0.00,N/A,N/A
0xd3a3bace3d61f6f5d16a9b415d51813cd2ea3887,0.00,N/A,N/A
0xd4dcd2459bb78d7a645aa7e196857d421b10d93f,718.623606932094906908,2411,N/A
0xd52fcaf53cd3efd7e1d484fd9cd2dd21355063e5,0.00,2449,2449
0xd551234ae421e3bcba99a0da6d736074f22192ff,0.017956507953476425,473,2567
0xd582cec308d9320b2ec3dc2868b56549fc8ace5a,0.00,2438,2438
0xd5bbb4264b70ca4f58c45d27b9d7e11190754a54,0.023284596867295,2058,2726
0xd5e846494df899e0d7ea5e628501dfe420d2643b,0.1,2439,2446
0xd6572692be52881905dd59d4984cc7e61a2514e7,0.00,756,2544
0xd7169672b25271d379cc2c022dfe0ceebb3f006f,0.00,N/A,N/A
0xd75496c0a6a36308cfda58e317ab97ea46b8f6b5,0.010298515588318606,276,2539
0xd780ae2bf04cd96e577d3d014762f831d97129d0,0.00,N/A,N/A
0xd787e430cf92d42fa28b7643e41ea1d871a19fff,0.00,2319,2319
0xd7b9a9b2f665849c4071ad5af77d8c76aa30fb32,0.00004460481906688,3,2327
0xd7c866d0d536937bf9123e02f7c052446588189f,0.00,1320,2767
0xd8ddfd63696127b18911546b13856cf98a246ff4,0.00,2163,2194
0xd9f5599c07be8eb4bb420fb258af6c25c7154866,0.00,N/A,N/A
0xdb53ce480bac3ce96fdb79fae1156f80b6925e05,0.00,2439,2449
0xdb82af76f9ccddfe9e8f7996492f4c5bd5f9d53d,0.00874,2754,2755
0xdb8c6862ea4f5cc843c4b3ed75eb8951714b7635,0.693600265513704247,N/A,N/A
0xdb9272880400e0ae8e522994f6a959122d94c7b7,0.00,N/A,N/A
0xdbbc7e7098f69ff271c7d12b75b53c099d3c883d,0.00,2408,2408
0xdc3896be3eb4bb3b3eb2f936348e942796078920,0.00,2433,2433
0xdc76cd25977e0a5ae17155770273ad58648900d3,0.000083996588256,842,2794
0xdc9727d102f00adf0043d04431b6cd162c5114ea,0.004220584606591732,N/A,N/A
0xdccdce28bba5b796724f1b50ab350403d895fe08,0.00,2451,2451
0xdccea2e783d873acb4ccfb7dead1004d90ad481d,0.02941001416425771,2677,2678
0xdd0940c356ebe5bb23039bbf6c83f33c7d510dc9,0.0093877,2136,2463
0xdd44566108758d8c8224d303ef92492229014a2a,0.00044255,2418,2418
0xdd76b55ee6dafe0c7c978bff69206d476a5b9ce7,0.001000000000000001,N/A,N/A
0xdd9b82c59aa260b2a834ec67c472f43b40a2e6f1,0.00,N/A,N/A
0xddddddd1fd4e3708869c00cabe6b0b9d15181bb9,0.447619999999986027,N/A,N/A
0xded605e5a25d7e6808d726a52257ac5e65b99475,0.000041029019286249,2425,2425
0xdf398e0be9e0da2d8f8d687fd6b2c9082eefc29a,0.00,1764,2745
0xdf4d1b71aa4b8bb6814b2e5819844c3093a56349,0.323913077823938623,1159,2196
0xdf5021a4c1401f1125cd347e394d977630e17cf7,0.00,N/A,N/A
0xdf76e7e26f6ee937f09a3f17f1d7047c0f928e12,0.00,N/A,N/A
0xdfa8e0d144b1bd7b9f08cd05a7726cc20121292f,0.00,2426,2445
0xe03c23519e18d64f144d2800e30e81b0065c48b5,38.647556909519621001,2695,N/A
0xe0569fd1c3f0affd7e08131a16c06f3381c9355a,0.00,N/A,N/A
0xe103038c907625be740aa467cf597c7e89d5c5ad,0.00,N/A,N/A
0xe112784753273ebede055968ecb78dcad8ff6da2,0.00,2765,2765
0xe17ee7b3c676701c66b395a35f0df4c2276a344e,0.00,428,2590
0xe1f338e069f202f2113d32c8a5d1046d83c92ca4,3.110032787276957556,N/A,N/A
0xe28e72fcf78647adce1f1252f240bbfaebd63bcc,610.002000000010010142,N/A,N/A
0xe30ee6f6a973a07687c60be30c1b17818bc1c2a5,0.00,2427,2427
0xe3224fa0197de258ba065c35380d7dfd2396ec89,0.000857206147520882,2455,2525
0xe477292f1b3268687a29376116b0ed27a9c76170,0.000688929480898915,N/A,N/A
0xe4bdced60430a90f31dba03524dd5d15a2670649,0.00,1357,2673
0xe53730216bafc67e12d371047fa9f18fa4cfd93c,0.00,N/A,N/A
0xe56303d8ff8c25c240f41d90fcaae1469c5b5f77,0.00,2432,2465
0xe5d0c3fea1e5f01ca4098e9580b93b3b5d0ea768,0.01,N/A,N/A
0xe606ab862d5ab58783b0eedee0839a2b47927ce8,0.00,2614,2688
0xe6517b766e6ee07f91b517435ed855926bcb1aae,61.602251117022047604,N/A,N/A
0xe65c7e27c1c086f26ce0daa986c3d9c24ef3c2d8,0.00,N/A,N/A
0xe6a7a1d47ff21b6321162aea7c6cb457d5476bca,0.428953636860765973,3419,3452
0xe6eb070bcef81fd12a198ba03fe393e9ee4cb671,0.000397034362746,1143,2449
0xe76fe52a251c8f3a5dcd657e47a6c8d16fdf4bfa,3.302425600981817792,289,2903
0xe79eef9b9388a4ff70ed7ec5bccd5b928ebb8bd1,0.199979,1755,2577
0xe7a06aab8286cef4206942a4891ee95a40e86466,0.00,2408,2408
0xe7cc576611c2df800862db667140a90cf9ec4b72,0.009130771604942,2631,2631
0xe804ad72e60503ed47d267351bdd3441ac1ccb03,1.537472834121238713,N/A,N/A
0xe84a69675d316a639203b527919504b33e8d6f20,0.0247,N/A,N/A
0xe853c56864a2ebe4576a807d26fdc4a0ada51919,0.057489629594886911,38,3103
0xe855283086fbee485aecf2084345a91424c23954,0.00,N/A,N/A
0xe86d3a9bada1b7adcc32abde0522861b1dc7973a,0.00,N/A,N/A
0xe88d6d63389d5c91e6348e379913f330739ad2c4,0.00,N/A,N/A
0xe8a0e282e6a3e8023465accd47fae39dd5db010b,0.00037781702427,399,2514
0xe9203c8c8eeaeffefecffad6d883c3ea205a832b,0.003794153067921874,N/A,N/A
0xe93381fb4c4f14bda253907b18fad305d799241a,0.015808265633374124,408,2790
0xe94b04a0fed112f3664e45adb2b8915693dd5ff3,0.00,N/A,N/A
0xe9800c0b73a71be61d49a61fa3b2320ee524fb3d,0.00,N/A,N/A
0xe9eca8bb5e61e8e32f26b5e8c117561f68084a9c,0.00,N/A,N/A
0xea3a46bd1dbd0620d80037f70d0bf7c7dc5a837c,0.065782540182798509,1591,1937
0xea674fdde714fd979de3edf0f56aa9716b898ec8,81.166003607062839577,3224,N/A
0xead6be34ce315940264519f250d8160f369fa5cd,0.003577465675878976,394,2709
0xeb32e949d214773ff718dfc92b4803bd14db15c1,0.0139035524832,2116,2116
0xeb6d43fe241fb2320b5a3c9be9cdfd4dd8226451,0.002539149024279,479,2419
0xebbd58cd1c31c08ef7a17337c264ba502762e993,0.020243000000000001,N/A,N/A
0xecf37af81b814d418b5cdf2ec985508888d7c67a,0.0018,N/A,N/A
0xed3e80e059b0ab32b55048fe01c6c3386386e20c,0.00,N/A,N/A
0xed8204345a0cf4639d2db61a4877128fe5cf7599,0.009380879897286359,1444,2131
0xedbb72e6b3cf66a792bff7faac5ea769fe810517,0.009485721299803906,87,2745
0xedc0c49946b93aa296a11298480ae7913bb65222,0.00,2104,2481
0xedcc9346d266c78364f21b1aca88641be7ca73e1,0.00,N/A,N/A
0xee155572635ae7d1f4e30ec3179ce65b5342cb17,0.000005535507306,147,2748
0xeea5b82b61424df8020f5fedd81767f2d0d25bfb,0.001604037787654802,751,2355
0xeeb70fd96f6c8838aeffb9d8dc042eab97b1bb09,0.00,2304,2468
0xeec606a66edb6f497662ea31b5eb1610da87ab5f,0.002523347601621,479,2681
0xeed16856d551569d134530ee3967ec79995e2051,0.59245841085434853,1065,2767
0xeee28d484628d41a82d01e21d12e2e78d69920da,0.012425227216703756,408,2788
0xef21c67740da0b286ab3a431f1dd5409a41eff2d,0.00,N/A,N/A
0xf12d3f5d38c2408da3122cee1432e89c16522b3b,0.01,2445,2453
0xf261b3a60ef40ee0b369b0705c1a2c58b02799df,0.000152056320192,1006,2440
0xf2859ea69231af73609a1f22efd1059892915c77,0.00,N/A,N/A
0xf346a9884bf8f858848268fb9d8ab31dae4b323f,0.00,N/A,N/A
0xf35074bbd0a9aee46f4ea137971feec024ab704e,0.00,855,2481
0xf36b756013f80b162e8713fb37df7dda0cd7f143,0.00,2433,2433
0xf3b9d2c81f2b24b0fa0acaaa865b7d9ced5fc2fb,1.192324407798134441,2309,3097
0xf3d1f26b31db83c8899626746d0bbc59d9dd223c,1.509649214756412692,N/A,N/A
0xf3ed5b15618494ddbd0a57b3bca8b2686ac0bc04,0.00,N/A,N/A
0xf4327c919854cb099ac574a22f5fba901e2025c4,0.00,N/A,N/A
0xf51b4021c6f1af31f44bf575188986e733a971fe,0.00,2427,2427
0xf591bbf70178bcaa80d306ab65755ab7038962cd,0.00,2443,2443
0xf5c8b99c64a5584a911d3aae4873b3581d48586e,0.040470593780312051,2113,2540
0xf6238cbc1b74b183e54d63a555f867baa00d92df,0.00,2443,2449
0xf6884686a999f5ae6c1af03db92bab9c6d7dc8de,0.0000301,1611,2414
0xf692c39b488e12ce9f9c926fe047ed77b07a18d3,0.00,N/A,N/A
0xf6ce1549a57f39238b47569a4787e25e5d695d22,0.00,2422,2431
0xf6f7cac4adef7e448cef8fceb14032e6e55a0dfa,0.00,2432,2448
0xf7355cb5278fc4be2f53ce373f7cd9b543d042a1,0.00,2439,2456
0xf73c3c65bde10bf26c2e1763104e609a41702efe,0.336662611283380491,10,2623
0xf76dea0a7ed40e379cc834cf94a6bdc59ac11044,0.00,2461,2461
0xf77149cac62f1b3df7d8d0cd951f152f28c72bb1,0.040393371980737684,2242,2533
0xf7793d27a1b76cdf14db7c83e82c772cf7c92910,0.000498872428615405,464,2460
0xf7d58e6720696b8f46dc9270443d8beaeb8d9775,49.468109460996899389,25,2649
0xf821fd99bca2111327b6a411c90be49dcf78ce0f,0.00001,1584,2655
0xf8366eddae63af9ce1104dfff47bc1e29c98362f,0.000139,2433,2433
0xf8b483dba2c3b7176a3da549ad41a48bb3121069,0.036870943460002263,3074,3428
0xf8d04a720520d0bcbc722b1d21ca194aa22699f2,0.00097022,2098,2508
0xf977814e90da44bfa03b6295a0616a897441acec,549.383297029493900657,2019,N/A
0xfa4b5be3f2f84f56703c42eb22142744e95a2c58,0.015669861958319,478,2790
0xfa52274dd61e1643d2205169732f29114bc240b3,0.00,N/A,N/A
0xfa968bc2e4768d431ffec4ee64307f8152e1c9f1,0.00,N/A,N/A
0xfb9f7f41319157ac5c5dccae308a63a4337ad5d9,0.000007679045661,175,2766
0xfba4d50cab44f13102c0e270721e1cbefebd8922,0.012590321419259488,306,2463
0xfbb1b73c4f0bda4f67dca266ce6ef42f520fbb98,0.130669783465537055,35,3449
0xfbf2173154f7625713be22e0504404ebfe021eae,0.005413198342683664,252,2640
0xfbf6f29c126382cf15795bb209ee506a174cc709,0.00,2498,2500
0xfcce45b7768df12df0ca94d2765983540d366b3f,0.00,N/A,N/A
0xfd648cc72f1b4e71cbdda7a0a91fe34d32abd656,0.102330082029230953,1127,2126
0xfdb16996831753d5331ff813c29a93c76834a0ad,0.016190967908435573,408,2789
0xfe75413e059eecf6eb2b92f06456276e8596862b,0.00,N/A,N/A
0xfe95e04a628087fcdd5f278e61f148b47471af4a,1.406622091999857191,1291,2679
0xfe9e8709d3215310075d67e3ed32a380ccf451c8,0.082052404554953638,1425,2599
0xfef5497bc53a69875e02ae5b14eeff668f09a729,0.002093006318962332,N/A,N/A
0xff1b891969773159366ab6310ff63a69ac4acffd,0.00,1443,2269
0xff79b6660b02b4625e4faef219f297cb58c878c6,0.00,N/A,N/A
0xff8d1014da6382f4c07461fbd5f3bed733b229f1,0.00,N/A,N/A
