address,label,outTxn,inTxn
0x00192fb10df37c9fb26829eb2cc623cd1bf599e8,0,59086,4645713
0x002e08000acbbae2155fab7ac01929564949070d,0,8937,59188
0x004e6f03648b0b0f529511697b0f36a463a24836,0,243,9208
0x00674045bb7c17f0aa1cde34780d6c51af548728,0,58,12
0x0068eb681ec52dbd9944517d785727310b494575,0,449,791
0x00832a758a781055ac19b5f9bf553db8bb9db32d,0,2124,61
0x00c7122633a4ef0bc72f7d02456ee2b11e97561e,0,5363,30
0x00eb6f5199cd0b671da371969b1a0f948e982fea,1,26,2
0x01091506ce9f1977a660c5ad4915cbd89e4e1a49,0,12691,10
0x018f2f4b3c9e38607aa7ab4dea23e9d663e3e050,1,6,1
0x0211f3cedbef3143223d3acf0e589747933e8527,0,648653,22510
0x024c344da7208e60356378a252dab771c34be111,1,24,1
0x02dc3b8ab87c562cdce707647bd1ba21c390faf4,0,446,78
0x02f8fa04877be844e073eb8effeb48c420b33abe,0,502,328
0x0324a5f6289e647baf88d9c96c331cf964220ce8,1,5,1
0x035a401972f228b58dcae76bf318b54ed036d680,0,3349,115
0x03b70dc31abf9cf6c1cf80bfeeb322e8d3dbb4ca,1,26,41
0x03bdf69b1322d623836afbd27679a1c0afa067e9,0,89609,166212
0x03e4b00b607d0980668ca6e50201576b00000000,0,305,0
0x043375ebc36fff7a4fcef1359f3c89afddf56e08,1,19,14
0x04668ec2f57cc15c381b461b9fedab5d451c8f7f,0,33550,524887
0x04a3d37cae5fe8acfcaf6d5eb66369d639ff027e,1,8,0
0x04c62019ab478bff5874e7b7d9bc84fcf7e30025,0,254,25
0x0536806df512d6cdde913cf95c9886f65b1d3462,0,31674,251666
0x05f51aab068caa6ab7eeb672f88c180f67f17ec7,0,32052,50974
0x0681d8db095565fe8a346fa0277bffde9c0edbbf,0,50775,7686598
0x06b8c5883ec71bc3f4b332081519f23834c8706e,0,1448,24767
0x079cf5c7b29067708bf653fbb93d7f619d9287a9,0,3432,2192
0x07cfb04588154b06e3958b5d70408244102014d5,1,19,1
0x081edbef6106ab1253557451b261c1c99bade726,0,5876,66
0x0861fca546225fbf8806986d211c8398f7457734,0,33540,68164
0x08986f5cecd3cb8882e4a34a16961e3124377291,1,6,1
0x08bba7fb279915d7bfd08670571cc978e88a03f6,0,914,649
0x0967c50bfec4dba06e28e8fdbcfd15a23474fab4,1,14,3
0x09ab1303d3ccaf5f018cd511146b07a240c70294,0,5338,66688
0x09ce1ba1bd31b1395c3e7560afd393b0e014e344,0,1535,987
0x0a73573cf2903d2d8305b1ecb9e9730186a312ae,0,114724,235335
0x0a869d79a7052c7f1b55a8ebabbea3420f0d1e13,0,5719,15042
0x0a888f0f0b772e17a2adfd62d3f15cec72c8d42f,1,11,8
0x0b1bb711524f9d43515b5424c029f2e3beed1ffc,0,1549,1030
0x0bb9fc3ba7bcf6e5d6f6fc15123ff8d5f96cee00,0,11631,265
0x0c4762bc7b1af1dc9448a827f53861c118b712de,1,17,2
0x0c4b367e876d18d5c102023d9240dd7e9c11b380,0,6,12
0x0c8b740e3377f2be7a108aeba6a2f660588c728d,1,89,37
0x0c9d1b3ca852c67bbeabeeb51e9482a845d56868,1,8,2
0x0cfbed1bd80bd8a740f24ec5fca8e8d1a9f87052,0,3532,2898
0x0d0707963952f2fba59dd06f2b425ace40b492fe,0,4738315,12297755
0x0d1fa37b1dfd006e8f6fab6fa0d2351856030ef5,0,13062,8598
0x0d6b5a54f940bf3d52e438cab785981aaefdf40c,0,118748,172186
0x0d8746c7bfac7494904d4133c550c72b02c7cdbb,0,10655,7141
0x0f1c029c5d7f626f6820bfe0f6a7b2ac48746ddf,0,6604,4255
0x0f4cf489c65f5001843c525e1f374768dcad9b99,1,40,2
0x0f564a2a5fde73349890e86e9b2aa1639994bf2f,0,410,100
0x0fec04a7526f601a1019edcd5d5b003101c46a0c,0,2796,1886
0x1056d8d9ebb0e0d8710a0e2a1852d4a09d56464a,1,7,2
0x1062a747393198f70f71ec65a582423dba7e5ab3,0,1074888,3944475
0x10987d8361338eae4472f107cf069558c54516ae,0,178,130
0x10c44ab858b90e09c725158906f71833ff417acc,1,8,1
0x1119aaefb02bf12b84d28a5d8ea48ec3c90ef1db,0,10729,19885
0x1151314c646ce4e0efd76d1af4760ae66a9fe30f,0,589028,487355
0x11614c5f1eb215ecffe657da56d3dd12df395dc8,0,12972,10415
0x118db57c34621acd0a91f02c8c18cd1a3ad7c213,1,11,1
0x11e63fa9256c37d100b6786569663b116480f92a,0,50,93
0x120a270bbc009644e35f0bb6ab13f95b8199c4ad,0,23097,44245
0x122c7f492c51c247e293b0f996fa63de61474959,1,8,27
0x126d407584cf73ba5d15102bab0e578a64cca3f1,0,53,14
0x13f64609bf1ef46f6515f8cd3115433a93a00dc6,0,22055,33746
0x146f2fba9eba1b72d5162a56e3e5da6c0f4808cc,0,658,137
0x14b30f257c2737370203a15aa343c2b600dfb675,0,10,243
0x151255dd9e38e44db38ea06ec66d0d113d6cbe37,0,9,67381
0x1522900b6dafac587d499a862861c0869be6e428,0,2976100,1471534
0x154af3e01ec56bc55fd585622e33e3dfb8a248d8,0,3656,10
0x15a99893dc47bfae5b06e9b4c8941aaca60f8af5,1,9,10
0x15c19e6c203e2c34d1edfb26626bfc4f65ef96f0,0,78,37
0x1691b2f9986598e12c57aba5be50ebd5346247e0,1,11,2
0x1706024467ef8c9c4648da6fc35f2c995ac79cf6,0,8445,154
0x175af261088b31e58ba384b3758f14bcf6c1f4e1,0,3338,63
0x179b553f677766183e7cd2ae8c148ace69db7cdd,1,4,3
0x181c71726f12ce2514e8b93019eb22645a79f966,1,36,47
0x185f19b43d818e10a31be68f445ef8edcb8afb83,0,3584,714
0x193bff7a19082cd7e056ea3e22ee0e747b5b6f80,0,54,37
0x199eee5b6ca1aaf030c77f0b5c50e39908fd2072,1,2,2
0x19bfd8a539ca899983b30e1d1c3370ac03d6b7ab,1,32,3
0x19c1f4d2cf1606d1ba3030aef48b96e56bc92a6a,0,824,177
0x1a8cc57f1155d7df4626978401e203e00da097f7,0,70,8
0x1afa01d567434482dcb3ea955b39778589176247,1,220,404
0x1b6c1a0e20af81b922cb454c3e52408496ee7201,0,25750,81071
0x1b8ee5cb5520ea3d12f64a8973c2a4f0cbcb1564,1,25,6
0x1b93129f05cc2e840135aab154223c75097b69bf,0,30111,27296
0x1c4b70a3968436b9a0a9cf5205c787eb81bb558c,0,187402,3236
0x1c82ee5b828455f870eb2998f2c9b6cc2d52a5f6,0,96,16
0x1d1bd550197c7c0787b9ad0aea9c1cca66ee0e90,0,2460,30071
0x1dcb8d1f0fcc8cbc8c2d76528e877f915e299fbe,0,58,67986
0x1e0a8374a6c63acaaf4c020cce65c30e855b2b71,1,125,215
0x1f3df0b8390bb8e9e322972c5e75583e87608ec2,0,525,2521
0x1fd6267f0d86f62d88172b998390afee2a1f54b6,0,2550,213013
0x2097175d0abb8258f2468e3487f8db776e29d076,0,6518,8
0x209c4784ab1e8183cf58ca33cb740efbf3fc18ef,0,4074717,4052358
0x20d23c7a4b2ea38f9dc885bd25b1bc8c2601d44d,0,4156,2804
0x21346283a31a5ad10fa64377e77a8900ac12d469,0,295,34
0x2140efd7ba31169c69dfff6cdc66c542f0211825,0,108743,1415
0x2149cbdd59b50bef9a264914b441f917dc9c7d55,0,8547,4
0x2239df7104fd3f4a5e464e108506e76c47858a20,0,2328,450
0x2276f412d2ae5dc2cdc293b0df70a8273f6f6771,1,6,12
0x22c6731a21ad946bcd934f62f04b2d06ebfbedc9,0,1142,444
0x2323763d78bf7104b54a462a79c2ce858d118f2f,0,4164,7650
0x23397c5d9c6363d67b3a294b677f80f93949bf56,1,22,4
0x236f9f97e0e62388479bf9e5ba4889e46b0273c3,0,327830,825904
0x23b61de5076526b3a1026491157c6df731ae8b61,0,2593,60
0x243bec9256c9a3469da22103891465b47583d9f1,0,149368,100209
0x249bdb4499bd7c683664c149276c1d86108e2137,0,1645,201779
0x24c3235558572cff8054b5a419251d3b0d43e91b,0,306,74
0x25d4aef414ea092fbcbd83fd30e89e15cf820d0a,0,2724,1680
0x267be1c1d684f78cb4f6a176c4911b741e4ffdc0,0,3907077,4520236
0x26967201d4d1e1aa97554838defa4fc4d010ff6f,0,2428,42
0x26d08b9d227933a85e855656dc46ab889e183c88,0,3469,8
0x26e75307fc0c021472feb8f727839531f112f317,0,143790,7539
0x274df34325ca19627e5e587c48b7e77dfc4b9cc6,0,1644,229
0x274f3c32c90517975e29dfc209a23f315c1e5fc7,0,763717,1246683
0x2769eb86e3acdda921c4f36cfe6cad035d95d31b,0,9500,6643
0x28184d2f5e2a47fcd5e528230d18cc3eb2cd0a6d,1,5,1
0x2819c144d5946404c0516b6f817a960db37d4929,0,1410156,1122517
0x28ebe764b8f9a853509840645216d3c2c0fd774b,0,4740,19450
0x2910543af39aba0cd09dbb2d50200b3e800a63d2,0,10632,44934
0x29488e24cfdaa52a0b837217926c0c0853db7962,0,27250,45412
0x2984581ece53a4390d1f568673cf693139c97049,0,118091,563181
0x29c3adf6f50e2186c21f5ebb1ac073115831286e,1,38,1
0x29d7d1dd5b6f9c864d9db560d72a247c178ae86b,1,354,6
0x2a048d9a8ffdd239f063b09854976c3049ae659c,0,336,1070
0x2a65aca4d5fc5b5c859090a6c34d164135398226,0,3398,4662736
0x2a98776c7e13ed1c240858bd241dcf95fc1928b4,0,15,357
0x2ac0e433c3c9ad816db79852d6f933b0b117aefe,0,11163,8152
0x2af0b9190aa127c1989886670481381b5b549985,1,9,2
0x2b3b67c6dffc2bcdda2315491eac9bbe868fbcdd,0,4750,46
0x2b5634c42055806a59e9107ed44d43c426e58258,0,630441,3711665
0x2b9eab2098e4a363a114aa6934f5c3cdea8149a3,0,32411,23015
0x2bb97b6cf6ffe53576032c11711d59bd056830ee,0,39191,149761
0x2bbe1297d729bc7f7558afb43404f0f0a544d206,1,8,2
0x2c2d1113dd9f40fad1b04cf23af9da84c37efcf3,0,841,532
0x2cc762c27a50d18e50efcd3bee9e3154e3bb094d,1,18,12
0x2ce573c05c9b8f6ef1a476cc40250972f1f3d63c,0,4499,3043
0x2d301d74a8d303da6408cc2dfda319bbeb48c125,1,15,2
0x2dad2c84f6c3957ef4b83a5df6f1339dfd9e6080,0,36257,27799
0x2dc5616ec2b9d24906f0e11dc8d8a736392dfedd,1,27,10
0x2e9494387868eb9ec6997b711d655de82f53713f,0,2366,1535
0x2eb045d518290aca828046641d29f605ead1a283,1,6,1
0x2ef2782905830533d218b7ff4d15b8c0981ce84b,0,9377,30
0x2f1233ec3a4930fd95874291db7da9e90dfb2f03,0,12505,26414
0x2fa2bc2ce6a4f92952921a4caa46b3727d24a1ec,0,598,2384
0x2faa316fc4624ec39adc2ef7b5301124cfb68777,0,8144,3491
0x3013d62a7357021259c3ee463ec9fbc64de7ba76,0,43,34
0x3052cd6bf951449a984fe4b5a38b46aef9455c8e,0,98310,110116
0x3061cfbae69bff0f933353cea20de6c89ab16acc,0,259,85
0x30b71d015f60e2f959743038ce0aaec9b4c1ea44,0,14361,5314
0x311e8fbacc2ec05793e14319ef0006f7a7516cba,1,13,3
0x31a2feb9b5d3b5f4e76c71d6c92fc46ebb3cb1c1,0,6919,40313
0x32131848edc60e032abf0369241d34ec969ebf90,0,5005,3540
0x32be343b94f860124dc4fee278fdcbd38c102d88,0,5660701,1539597
0x33683b94334eebc9bd3ea85ddbda4a86fb461405,0,141947,2176
0x346b909240978658ec69c3f6e0d7cbef50bc3c79,1,41,1
0x34743ffa1f93e745668725e44efeb3c50a237796,1,21,1
0x34967c335d86efc3043fb75f807a0780ffb6905a,0,4736,43
0x34bb6cf517abb83bfd8bc4e41ed899810ac49b58,1,16,4
0x34e4e501dfa903c7c1c7b7f82a56b870838b5274,0,835,550
0x354d4f3eb48be676a030f98e2a6c5bc06b96e249,1,43,21
0x35919ff0a88a0bdfd1b0ef3be574bcf6c1e90e01,1,30,19
0x35f61dfb08ada13eba64bf156b80df3d5b3a738d,0,968,119187
0x3613ef1125a078ef96ffc898c4ec28d73c5b8c52,0,72713,53715
0x3614e0bba4679c95daa45201821cd212f9164205,1,5,1
0x368be389ce940bf17c3296344086e368bc4c60f3,1,14,4
0x36b01066b7fa4a0fdb2968ea0256c848e9135674,0,10356,70196
0x36be38dab57631aae070b8977daa35d6de1ab8a0,0,20,4
0x36e6dadc5a045a86dbc9ecfeda5c459784d3537f,0,54,66
0x376c3e5547c68bc26240d8dcc6729fff665a4448,0,217,5
0x379ce20c018fb6301c1872c429ec7270ffa4dc5b,1,4,15
0x37c88474b5d6c593bbd2e4ce16635c08f8215b1e,0,12364,10110
0x3839416bd0095d97be9b354cbfb0f6807d4d609e,0,219545,195029
0x38a3fc625df834dd34e8ede60e10cd3024a6650e,0,1934,1259
0x38b9dafe93f0b3ab7d35ac42165b73c0f3c5fd8c,1,8,15
0x390de26d772d2e2005c6d1d24afc902bae37a4bb,0,523257,475165
0x39a23012c065e0a93a6e268717c8b0f25f0430e9,0,681,433
0x39ffccecc551f35f8dfcb52c8c01060919aed1ea,0,1394,1202
0x3a878eddb991ebcbc7c8052055b2e5ed5d0d1ba4,1,244,96
0x3b0116363e435d9e4ef24eca6282a21b7cc662df,0,7782,6371
0x3b0bc51ab9de1e5b7b6e34e5b960285805c41736,0,1960,351333
0x3b42239a8bc2f07bb16b17578fe44ff2422c16f6,0,7129,5686
0x3bfc20f0b9afcace800d73d2191166ff16540258,0,5043,6
0x3cf5b9484ab874af65ebf7713337a03814538b0d,1,11,1
0x3dbb3e8a5b1e9df522a441ffb8464f57798714b1,0,94,22
0x3e5dcce17765928400ee4a4b8905e1dd9f42a00f,0,8830,17
0x3eadb407f81d62d27f63a8881805b1735f70e692,1,21,1
0x3eb01b3391ea15ce752d01cf3d3f09dec596f650,0,24755,677
0x3f2cf669c657316985b01b1b797cb259c97d6551,1,13,1
0x3f5ce5fbfe3e9af3971dd833d26ba9b5c936f0be,0,16771169,12357555
0x3f7ba8b8f663fddb47568cca30eac7aed3d2f1a3,0,10478,8223
0x3fbe1f8fc5ddb27d428aa60f661eaaab0d2000ce,0,84386,43385
0x3fdd0bb90f7bb6fcf58b35865d4744df8ef30404,1,5,1
0x4073aa0f9885bbe59895a27158bbe865052678b8,1,35,11
0x41467711f2d1f6021119ffb113ae0e78251b45fa,1,71,61
0x4182d887fb4fba8cd49e9f50908c13c761080ec5,1,3,2
0x420feb48dbb9fd6bd2b93da8770d8d3eb3e8cc6f,1,11,1
0x433022c4066558e7a32d850f02d2da5ca782174d,0,11242,13403
0x438e4bf92d25bced517ec3aa211a8e453e3ad80a,1,38,11
0x445556b7215349b205997aaaf6c6dfa258eb029d,0,2049,1376
0x44fcfabfbe32024a01b778c025d70498382cced0,0,77,27
0x44fd3ab8381cc3d14afa7c4af7fd13cdc65026e1,0,143,213300
0x45f7582fd6445918912977b9460475b5524cf962,1,21,1
0x45fde77ff768aa83df468fb1c6ebc5f2bb21dcea,0,5638,316
0x464b0b37db1ee1b5fbe27300acfbf172fd5e4f53,0,219,132622
0x46705dfff24256421a05d056c29e81bdc09723b8,0,1234415,3963708
0x46791beea3b9138f03d312801887d907830dce51,1,9,4
0x46ffcdc6d8e6ed69f124d944bbfe0ac74f8fcf7f,0,37092,29793
0x47c439c8784b44366735fc2cfe08228cb91d5b8e,0,5,502
0x47c8f28e6056374aba3df0854306c2556b104601,0,3720,9518
0x4810b1571775dd861c61d87fbea1008e030a8ddf,1,17,1
0x48d466b7c0d32b61e8a82cd2bcf060f7c3f966df,0,11524,61702
0x4910e010ebf5b3366d1e80a134c1fa538ff7994c,1,21,2
0x497e4c58a4106fee817e3bece3c5c029e964eb49,1,8,3
0x49db6ee4507132d1fdac92318e0e6150bf786728,0,5767,13
0x4a8d9b64ee9c7e058fe9c8cbf96375b02da006e2,1,23,11
0x4b01721f0244e7c5b5f63c20942850e447f5a5ee,0,567597,868270
0x4b1a99467a284cc690e3237bc69105956816f762,0,259533,4808
0x4b60b53a6edcd75f0730ecc22579df2079f210b0,0,4210,151
0x4b729cf402cfcffd057e254924b32241aedc1795,0,78375,128659
0x4bb96091ee9d802ed039c4d1a5f6216f90f81b01,0,107,303763
0x4bc2055440dd519fa4d448d2d6899e6604aaedc5,1,5,3
0x4c549990a7ef3fea8784406c1eecc98bf4211fa5,0,65,1046019
0x4cead27a6a2aaedaa44d35d8bf2a2c9370abbe6a,1,197,178
0x4d0e06c099dcb0ee61d0f937844376b9ab1edcc7,0,1380,914
0x4d8f7cfae437d2c3aa63827be98a3dbd1bd9edf5,1,112,197
0x4df5f3610e2471095a130d7d934d551f3dde01ed,0,2844,6724
0x4e4e23ac3c11789e23169025503ea4373b01417b,0,256,20
0x4e5b2e1dc63f6b91cb6cd759936495434c7e972f,0,815720,1122461
0x4e8ecf79ade5e2c49b9e30d795517a81e0bf00b8,0,43322,71015
0x4e9ce36e442e55ecd9025b9a6e0d88485d628a67,0,3465,1739
0x4f138e1ceec7b33dfa4f3051594ec016a08c7513,0,11178,8864
0x4f88dfc8e1d7ba696db158656457797cfbdfb844,0,2931,2001
0x4f8af8e8734d02a21d73e2a4fb29941f35cbbeac,0,41,8
0x4fac33dabfd83d160717dfee4175d9caaa249ca5,0,3996,1219
0x4fbc4c6c416a84e04b2239202396f378d7af51ee,1,18,1
0x4fdd5eb2fb260149a3903859043e962ab89d8ed4,0,190,2502
0x5039d9b575bd5722d310af6d2fc11e053c6d03da,0,19843,13899
0x5093c4029acab3aff80140023099f5ec6ca7d52f,1,17,10
0x5142127a6703f5fc80bf11b7b57ff68998f218e4,0,5033,3516
0x51836a753e344257b361519e948ffcaf5fb8d521,0,1288269,441246
0x51907923c3280c24b6b69b0d217ea34cabde684d,0,7065,3356
0x521db06bf657ed1d6c98553a70319a8ddbac75a3,0,140978,328326
0x52bc44d5378309ee2abf1539bf71de1b7d7be3b5,0,42817,18384844
0x52beed3924b0824411d03ea2fe51e429717dcf10,1,21,3
0x52bef206e8e0403cd60d37e48f4f3860d9545556,1,10,9
0x52f13e25754d822a3550d0b68fdefe9304d27ae8,0,14,9351
0x535237df0f05adf29fa878ebd0a60222d0625bb7,1,13,1
0x537397e3a68584e05e332d2ba75340e37012f50a,0,55,126
0x548ac87629ceb858aa09b419f5b9898ec5735fba,1,15,8
0x54b17df0bb6141c5589ef0d11c3fd7dfa166f627,0,178,5
0x54b623c82365ef20680b17301bd949bcd5599eb9,1,18,6
0x5574754c7cb6618d0079065bfabdc46f31bc7a32,0,4756,1200
0x5580fb6e95230bf16ae7e2c6467d11566ed5b3ea,1,10,22
0x55ed2910cc807e4596024266ebdf7b1753405a11,0,455,54
0x562f587bff5a559e3fe671028b3096d8e3bb9107,0,2116,389
0x563b377a956c80d77a7c613a9343699ad6123911,0,2203,373242
0x564286362092d8e7936f0549571a803b203aaced,0,49303,7578286
0x578f3c8454f316293dbd31d8c7806050f3b3e2d8,0,8469,5654
0x57a3d07e27475aa8f5d306b7bb25aebfd27c4512,1,15,2
0x580c2261f2b232d17bd5f62edc6b07e67585a829,1,6,0
0x587044b74004e3d5ef2d453b7f8d198d9e4cb558,0,57537,41678
0x588c0e4af4bb0cd6e63e898bf8ad555452297326,1,191,180
0x5894110995b8c8401bd38262ba0c8ee41d4e4658,0,27138,48
0x58b249b613ce917b6ccc2f66787856ef39f4f0b6,0,21387,14591
0x58c46d06cfdcf9ca2cb590d7b79b12ffa8adce04,0,5650,3551
0x58f75ddacffb183a30f69fe58a67a0d0985fce0f,0,2480,1201
0x5901deb2c898d5dbe5923e05e510e95968a35067,0,963,522
0x5978c1473ee84dd9cf3d90d0e931a79906ee52c5,0,9005,18
0x598f0f5fed15632e915ab3c2f928a1e02be8e30d,1,105,125
0x599485dc0f3d8b308b973b2db5cd44bae46d31c4,0,4768,3678
0x59a5208b32e627891c389ebafc644145224006e8,0,261972,2917531
0x5a0b54d5dc17e0aadc383d2db43b0a0d3e029c4c,0,283363,6062718
0x5a2fad810f990c4535ada938400b6b67ef7646af,0,70,726
0x5a8b20e070e82b4e3fb97ecbd71b587a74f2ecc1,0,11,5
0x5a9ca3c6362a53edfc78503d65a6a3b7d9af6992,1,6,2
0x5ab5ed6d05055b714d9d5f4bb027c6835ea8acfb,1,3,2
0x5baeac0a0417a05733884852aa068b706967e790,0,219171,300616
0x5bd48309926121370da1cbbd5b958926e8bdb328,0,152,17
0x5c985e89dde482efe97ea9f1950ad149eb73829b,0,296018,844493
0x5ca39c42f4dee3a5ba8fec3ad4902157d48700bf,0,4,0
0x5caa556d0b8fa8622b1746bcc1211429737dcafc,1,6,1
0x5e032243d507c743b061ef021e2ec7fcc6d3ab89,0,776134,587711
0x5e1f89284b8283edcd082901b78c7589f39d5b51,1,4,3
0x5e575279bf9f4acf0a130c186861454247394c06,0,230183,738072
0x606af0bd4501855914b50e2672c5926b896737ef,0,941,398
0x606b2272215a0cdd1cf4f38293ffaa42f0f56c34,0,1638,210
0x61edcdf5bb737adffe5043706e7c5bb1f1a56eea,0,1685,4116
0x629a7144235259336ea2694167f3c8b856edd7dc,0,154,46
0x62ee4a3c690c9660762c52bf1a232365c86c879b,1,21,1
0x634cdd7ebeccccf517cd8f4eca959474bc1b58cc,1,8,4
0x6353940eabe11c7cd78ecc2085ae65cdacc5a92b,1,27,1
0x635c9c9940d512bf5cb455706a28f9c7174d307f,0,2507,1740
0x636141b2c9a53371faa2a2fe90e4d4c6b801397b,1,5,1
0x63a9975ba31b0b9626b34300f7f627147df1f526,0,91,273344
0x63cdd7f7f28727e6a5d16418c402073ff48b8e52,1,269,77
0x6411a822850dcfe2fae215248e47de77b1738bea,0,2538,1657
0x642430e36695ea0a1c3b72e61168c5e797e6b80b,1,6,1
0x645a3f2fa86be27a4d9a3cc93a73f27b33df766f,0,12318,10324
0x6467738e59dac6ca0675cca98a9ec2e45a3f774c,0,1610,1032
0x64b212d2fe54db498df6099e5a9afa8298068f89,1,9,2
0x64c940690a3660e68d93d8c6412d900bdd3e11e5,1,27,1
0x6537b65a50a862391515455272f9b6c7168afe94,0,3,680
0x65ef72c11c53c9ae2fc923cf7780dd030c02ae0a,1,13,1
0x65f9b2e4d7aaeb40ffea8c6f5844d5ad7da257e0,0,5289,40104
0x660cdee72302d2941a43db1275eded7827023baa,0,1038,193
0x66666672e63f056350c3e79dc605edc36aa8b952,0,26487,32886
0x66f820a414680b5bcda5eeca5dea238543f42054,0,1109,283
0x6748f50f686bfbca6fe8ad62b22228b87f31ff2b,0,1094586,3940288
0x6795cf8eb25585eadc356ae32ac6641016c550f2,0,590,2177
0x67e4bbe50fbc74633dfd9f7683465c02af896541,0,90,12
0x68795c4aa09d6f4ed3e5deddf8c2ad3049a601da,0,6,62133
0x689c56aef474df92d44a1b70850f808488f9769c,0,1887627,118190
0x68c41a0bbe7c936f68764f01b170154b657a194c,0,12037,8558
0x68c4b7d05fae45bcb6192bb93e246c77e98360e1,0,6351,2441
0x68ceaa85cebd73acd8af16409f14c2e0d44d83aa,0,44,64
0x692aaca2f88ed1c6dbd3e4040ec12ee296560cc7,1,5,1
0x6931e6948702245964dd446333c3bebd989d5e76,1,11,2
0x699cbeaa28a49e096df00011d734803a0b8f5f80,1,34,13
0x69c46c1e40465ae9a6c90990ae1568005fe62d6e,1,5,4
0x69e37aba9b520a204bb0baebd76b0ac1a2390b37,0,15920,10458
0x6a0afe6f45a878100480f312b585aa0d752d4d2d,0,6,8
0x6a164122d5cf7c840d26e829b46dcc4ed6c0ae48,0,2280,6
0x6a4ebd8ce47b1362ea809d93f1beb744c4ffd7ee,0,357,203
0x6a7a43be33ba930fe58f34e07d0ad6ba7adb9b1f,0,135,249285
0x6b431a7a99780819473722161ee9145e5649c5e2,0,2386,1447
0x6b71834d65c5c4d8ed158d54b47e6ea4ff4e5437,0,619,1614
0x6b7c523f0655bd5a18e4cc53b53659cd3def0307,1,5,1
0x6b7d50bb8fab584e54251a10e1c6cfa51dd7b618,0,27,33625
0x6c20ef21e604028c649247c581e8e49fda6191ca,1,12,11
0x6c3183792fbb4a4dd276451af6baf5c66d5f5e48,0,25,58523
0x6c722b811ea96f2ea89436aeea70a3bcd91f669b,0,7949,5310
0x6cc5f688a315f3dc28a7781717a9a798a59fda7b,0,4444893,6894686
0x6dd5a9f47cfbc44c04a0a4452f0ba792ebfbcc9a,0,203,196
0x6e65c01099acfda3fdcee97249caf30241baf679,1,6,1
0x6efb20f61b80f6a7ebe7a107bace58288a51fb34,0,421039,678348
0x6f6deb5db0c4994a8283a01d6cfeeb27fc3bbe9c,0,66003,3471
0x6f803466bcd17f44fa18975bf7c509ba64bf3825,0,8998,29802
0x6fc82a5fe25a5cdb58bc74600a40a69c065263f8,0,325296,324494
0x705f704d11020ff07acde8592bb80b044e15de16,1,12,1
0x7098c7113c2ecaf48baad07e598c74c2689a5795,1,27,2
0x70ba69fcb5720ba8d573b78f641eecb775c0e5a9,1,18,19
0x70faa28a6b8d6829a4b1e649d26ec9a2a39ba413,0,2030941,305171
0x71168843b49e305e4d53de158683903ef261b37f,0,3854,2613
0x7172c5b24bdce3b93a78c53ef1ece011b0472c1b,0,20748,13909
0x7197e9d17b8a5d219e0facea59301eb7eef5ef87,1,6,3
0x71e7c73375efbefdf7b4be67e768d9038dde2488,0,2710,22
0x72101d19ed90ad71ffaaf6c328930ab9646e751f,0,2272,16
0x72844ab8b5f59c0251bcce6ef5f2be92d7528c1a,0,8498,5650
0x72bcfa6932feacd91cb2ea44b0731ed8ae04d0d3,0,189530,352220
0x73957709695e73fd175582105c44743cf0fb6f2f,0,2249,773632
0x742d35cc6634c0532925a3b844bc454e4438f44e,0,80170,7989
0x746aaac06b04c36f5fea9bbb35ca75518eda1cca,0,218,50
0x749bd34c771456a8de28aa0883b00d11273e2ede,0,286,10
0x751b934e7496e437503d74d0679a45e49c0b7071,0,13616,9920
0x754a7657092fd2862338ff06ce02cfc389d49e21,1,20,1
0x75ba02c5baf9cc3e9fe01c51df3cb1437e8690d4,0,123,13
0x75e89d5979e4f6fba9f97c104c2f0afb3f1dcb88,0,3960131,12133814
0x762ad6be3f56a132f99cc0cd6ba4c84d1e992824,1,7,4
0x7727e5113d1d161373623e5f49fd568b4f543a9e,0,513200,512960
0x7768a2e685da843a7dcf9a0f09b4d03d8d7fb6c4,0,1082,595
0x7793cd85c11a924478d358d49b05b37e91b5810f,0,11823,527
0x788ca5935759c06ea223d0e2cf5ea5729d669c18,0,21146,16988
0x7891b20c690605f4e370d6944c8a5dbfac5a451c,0,57543,3448
0x78c544eede78eb781707a1d46377bf6be9d028df,1,7,2
0x7929417834345d62b366d027fb143eaa179ddbce,1,46,28
0x7942ec88b93ac9227957a118d8d09aa736c886a1,1,76,3
0x7a10ec7d68a048bdae36a70e93532d31423170fa,0,7169,15920
0x7b66563dd534c3e66fee08c995da9d5e77c883f9,1,10,4
0x7bac8115f3789f4d7a3bfe241eb1bcb4d7f71665,0,17718,13691
0x7bb187351421c3affda57c7a5132e304f73167c8,0,15327,14644
0x7c27f68b0d5afffb668da3e046adfba6ea1f6bc3,0,1026,179
0x7c49e1c0e33f3efb57d64b7690fa287c8d15b90a,0,6825,11762
0x7c4b4bb0bb0fadbcb1c54ed55a3b4f1d456726c6,0,32441,21
0x7c6694032b4db11ac485e1cff0f7509d58b41569,0,359,68515
0x7d5d58560819c172e45b46c0965bbda5a8895f80,0,48,68
0x7d922a4f7f24ffcb130c4eeaf291a6475e3e4dd2,1,6,1
0x7da82c7ab4771ff031b66538d2fb9b0b047f6cf9,0,923,106
0x7da9fcec7d8cd0e13d0dac193fffe4cbe888814c,0,6795,4587
0x7db9656fc8435f765df5748e32bf329098ffb5fb,1,35,1
0x7dfebdd6902f3df5a0f247d18f7895116f640bd1,0,2423,1564
0x7e4b0abad3407b87a381c1c05af78d7ad42975e7,0,4178,2521
0x7e6614722614e434c4df9901bab31e466ba12fa4,0,190,20
0x7ed44f8b304cd71664cbe8c94614660859fca2c6,1,3,4
0x7ef35bb398e0416b81b019fea395219b65c52164,0,142422,60865
0x7f3b29ae0d5edae9bb148537d4ed2b12beddf8b3,0,15,3365
0x7f642b25a930f732f4214f69df0d0d2f647bcc63,1,12,2
0x804a67880f461c2ba4b927a10e99e371962b0f3f,1,8,3
0x810c99c5de0a673e4bc86090f9bfe96a6d1b49a7,0,6907,5309
0x8196cdd6e17991b22816bb9cdd31faceecf2f816,0,384,73
0x8271b2e8cbe29396e9563229030c89679b9470db,0,245658,144582
0x829bd824b016326a401d083b33d092293333a830,0,312214,13347924
0x83940770976605dda722a620dd9d91825c8d65dc,1,7,1
0x83c1ded540d8b6b734885ed9083a5c4e4f142e73,0,2027,1352
0x83e240d1cbc6ec7f394cd6ba5ed01b7fcdf44ed5,0,3859,2543
0x8408263f4f0691db34bd7666b5af61e19cb91b91,1,15,4
0x84106febe96b45d1a6cf1dceec8285c46faf25de,1,31,1
0x841991ffe0dafd619bc517d82ee4700c37136140,0,20,23
0x84a6ddb94f9d16334896f581c7f927a9e6ae5601,0,1345,3
0x850468f69fa4fe32816cd7698fd5bd1ece3e1d5c,0,1261,201
0x851b7f3ab81bd8df354f0d7640efcd7288553419,0,1253,111
0x85234c92d4dddf239df9c76497a6516fdf546577,1,6,8
0x8533a0bd9310eb63e7cc8e1116c18a3d67b1976a,0,1316,923
0x8595dd9e0438640b5e1254f9df579ac12a86865f,0,22626,655055
0x85992bb01c8c64a80656c1df988f313af6b661e9,0,1411,2899
0x85d642eafb5f15ef54852b57302040ab066ff2c4,1,17,2
0x8606704880234178125b2d44cbbe190ccdbde015,0,18031,9100
0x8658863984d116d4b3a0a5af45979eceac8a62f1,0,18669,15825
0x868413a5d2fe073114e5358c576779ad10df2644,1,17,0
0x873767026deab58b3d14ceb60a0c9ba60773e3e7,0,827,19
0x874d5e5654811af020bf3530d8fd49abb7fdf7a7,0,2082,1482
0x875c9a271eab0daf1f78d061879784a24c044b2e,1,4,1
0x876eabf441b2ee5b5b0554fd502a8e0600950cfa,0,1399938,1824769
0x882c3163237009dca0aa3d479f73eb55639339e4,1,12,4
0x8858297c69ed011c48feaa96f0c89349ef389b67,1,9,1
0x88bdeb65ed500794118d0e5fdf5808d23bb74e73,1,6,3
0x8909cc8d294544ca2c956550edbcb59ce4f2a9ad,1,47,56
0x8958618332df62af93053cb9c535e26462c959b0,0,102167,309590
0x89add413f34c4858458d658a9f24456551762803,0,128,3
0x89c0e39f3b3be95c238912788687dbaebe7e6a2b,1,30,2
0x89c5043a38736f37d12bf1d3a1bb82894b3ebe14,1,105,47
0x8a0e85901849b40a7f80399a00f7115193c0bdb2,1,51,26
0x8b30e174bddb3c0376e666afb8a4196e2f53182d,0,10654,8494
0x8b56ef96c1cc67dac0a57ccea197a2ef1568ad33,0,688,396
0x8bb76c5ae6b7d6bd1678510edd06444acdf8f72b,0,4326,2999
0x8c097a9c954894c8779edef955398d6b8ea7226a,0,9813,178
0x8c2036ce61648fcddffb06d6d11fe0b479ed63fe,0,20665,16964
0x8c73126b85f59d85aa61391579b4c2710dd70f96,0,7466,5481
0x8c9d135ac2778e1a7d326932aad302e7c22c94d7,1,35,1
0x8d35067233605bef6069191ae0922d134ff80d48,0,82,144
0x8d4426f94e42f721c7116e81d6688cd935cb3b4f,1,24,0
0x8d451ae5ee8f557a9ce7a9d7be8a8cb40002d5cb,0,967,2904
0x8d76166c22658a144c0211d87abf152e6a2d9d95,0,28480,62414
0x8d9d0bd75319a3780d3cab012759efbae334291b,0,1137,35
0x8dcaeebf49a479ed5e5b3b45a38c9125a0ef6d23,0,484,423
0x8e7fc617e87b39bd5fe1767a95afa53d2c79f147,0,15447,11304
0x8ee2ba41ef59b5773e5909451e0b8bad4e59a81b,1,7,1
0x8f95d25bd5ec1973b8cbcd9572a7287f03420ca7,1,19,42
0x8fa8af91c675452200e49b4683a33ca2e1a34e42,0,53,43381
0x8fce1ef27f3add1411c7a99be402de598ad38389,0,54,1733
0x8fd5bfbc2f61a450400ae275e64d1e171c05b639,0,11127,9486
0x903dc47aa7c40f9f59ef1e5c167ce1a9b39a2bff,1,26,2
0x905475cbca398e8fee6e35bcb2f530a3474b78ce,1,37,8
0x91459992bcbf089851abffa033559c2eef120469,1,38,7
0x915d7915f2b469bb654a7d903a5d4417cb8ea7df,0,348753,535506
0x91f6d99b232153cb655ad3e0d05e13ef505f6cd5,0,3894,1489
0x92cd726ce03ceaa4bf7198ce9c52d05d63cee575,1,14,1
0x9327cb34984c3992ec1ea0eae98ccf80a74f95b9,1,5,1
0x934f49fcf451a34026e3dfc3f26a1de01b83b509,1,32,4
0x93b7e9364c4df6de55ed0d10c80e7afc0612e93a,0,123,248
0x93d8d5bb1f1e4822f3c614d9a09e7c5e3fabc13a,1,16,1
0x9435d50503aee35c8757ae4933f7a0ab56597805,0,283,167934
0x944a3f5641d6faf7a6abde4ec31e40d0929955ed,1,20,1
0x94c654fef85b8b0a982909a6ca45b66bb2384236,0,4886,3374
0x9539e0b14021a43cde41d9d45dc34969be9c7cb0,0,268353,467679
0x956e0dbecc0e873d34a5e39b25f364b2ca036730,0,27614,1843
0x95b2eb812ce96cabc6dfd94bfcdae5192e027763,0,225,30
0x95c5db5bd9a0260fc457af4f6fc6de7819d9b1a6,1,17,3
0x95ffcdf36129e5e256190609cd97841d03e52356,1,12,15
0x9655eb5183e3d373c6db087dd8fc6dae3c5047f1,1,17,9
0x967cd47aa3195cff1248ac123e8a452d84daba1d,0,7017,248
0x967f1c667fc490ddd2fb941e3a461223c03d40e9,0,31525,26312
0x96fc4553a00c117c5b0bed950dd625d1c16dc894,0,204675,185497
0x97b20481241fe3cb9cc9ba50609d377b2506cdaa,1,8,12
0x9826d8246e0c38cd3ec3f8b6d733be6001c2c712,1,45,36
0x983293eb01740d9788bbdcfe3a29d1bf2fdfc47d,0,17,0
0x986a2fca9eda0e06fbf7839b89bfc006ee2a23dd,0,388315,832650
0x98d67bc5ba8e43721972204e5e1e4eaef43cadb1,1,29,26
0x9999998a72a185006f1d17e57d4e586599afb75f,0,42709,26588
0x999999c60566e0a78df17f71886333e1dace0bae,0,700257,349612
0x99c85bb64564d9ef9a99621301f22c9993cb89e3,0,93424,1715692
0x9a3487c0d300c4d3a7b3ff38d7a18c53c66f1c49,0,16112,10836
0x9a41b63664fd1bdf52024e8a3998d7c6a3839d62,0,1387,960
0x9a4afeaecd8efe2a7186365b55e72503d555713b,1,19,2
0x9a4cd44c1a55cfda565430dee9bfb54f2aacfd6a,0,195,148
0x9a60ad6de185c4ea95058601beaf16f63742782a,0,5213,2049
0x9b10206f236669f4f40e8e9806de9ab1813d3f65,0,1319,899
0x9b76ad3435e2cbd4e08feea210a9972465a4748c,1,5,1
0x9c67e141c0472115aa1b98bd0088418be68fd249,0,116316,51063
0x9cbadd5ce7e14742f70414a6dcbd4e7bb8712719,0,3142,5033
0x9d217bcbd0bfae4d7f8f12c7702108d162e3ab79,0,9625,82
0x9d551f41fed6fc27b719777c224dfecce170004d,0,6,365335
0x9d6d492bd500da5b33cf95a5d610a73360fcaaa0,0,311,24663
0x9db99e73c52bcc353963022ac184a25e80f655bd,1,8,1
0x9df172fc167a8a567c208fc14e3435eb8043e2b7,0,8224,76
0x9e1836e45e88c92926105910d4a5988a1f677181,0,300,13
0x9e55507a10af47f0a60493e77af432d588b9907b,1,24,1
0x9e6316f44baeeee5d41a1070516cc5fa47baf227,0,63657,62280
0x9ee1e7d4f70a698689557b6bb67e8b6555e36d59,1,60,2
0x9eea7fda3c78cd8c096ae229de8217a94cd1bcfe,1,184,79
0x9f547e89078b24d0e2269ba08eb411102e98ca14,0,3763,2614
0x9f5ca0012b9b72e8f3db57092a6f26bf4f13dc69,0,200,3601
0x9fb01a2584aac5aae3fab1ed25f86c5269b32999,0,2344,17252
0xa027231f42c80ca4125b5cb962a21cd4f812e88f,0,22,151072
0xa04fc9bd2be8bcc6875d9ebb964e8f858bcc1b4f,0,580,6
0xa0c7d4f3fc7f8a46fb58990228d0b82a0354f371,1,16,6
0xa0d4bee1beeafce031c56cfb40210746cc6ab2d0,1,6,3
0xa0db892affca7ec5ba3cea5d03fc0bc53db34036,0,3081,2035
0xa12431d0b9db640034b0cdfceef9cce161e62be4,0,1975682,385985
0xa2537d2efd038b90b192ecabb8126e282cd538e0,0,1241,857
0xa2630fc0233940779f25dfdcff3abbdc85682a4c,0,24179,17409
0xa2c9a7578e2172f32a36c5c0e49d64776f9e7883,0,2536,130
0xa30d8157911ef23c46c0eb71889efe6a648a41f7,0,42533,178182
0xa33516e6f64c6c2869dff6744953a472cd60c8f6,0,3789,2
0xa3a89db39f4cbfb8753259456332ce8373ff5bad,0,5069,3444
0xa3c084ae80a3f03963017669bc696e961d3ae5d5,0,39,12709
0xa3e785ee490e1102fe32512973c96dc7dc876348,1,409,503
0xa3ee246232ebd99ec9a07851116f9f67380c5e6f,1,25,22
0xa42af2c70d316684e57aefcc6e393fecb1c7e84e,0,25,334610
0xa43d3805105922989e58a5188193c283fff471e7,1,5,1
0xa4ddd3977920796bfb14ca8d0fb97491fa72a11d,0,218,90
0xa4eeb26d8a0d30b748d3a29705e51e5325f2914a,0,1180,829
0xa52e014b3f5cc48287c2d483a3e026c32cc76e6d,0,779978,385518
0xa5384627f6dcd3440298e2d8b0da9d5f0fcbcef7,0,858,42
0xa5d1e58ece1fc438d64e65769d2ab730143a4caf,0,1446,5
0xa5e83199a7ecb6669064d492f15ddc096b6cbab8,1,4,1
0xa6048af9aee7a179777524a6968c20ac0eb1f125,1,38,2
0xa61344257ed7c98b4690572e63797d75b0753f96,1,9,1
0xa62142888aba8370742be823c1782d17a0389da1,0,250421,548870
0xa62cb4bd9e69e9170a2d973aa3aece5a1215d41c,1,10,2
0xa646e29877d52b9e2de457eca09c724ff16d0a2b,0,431,71
0xa6e71bdc40952eb1c083e5ae4940d70886296724,1,77,32
0xa6f89e1d3de44691ef031706e13c1ad091fd60f6,0,915,594
0xa723606e907bf84215d5785ea7f6cd93a0fbd121,0,3665,18
0xa74642aeae3e2fd79150c910eb5368b64f864b1e,0,5466,3163
0xa7a402266ceea0652ea8eafd919d619d16bee134,0,4689,3059
0xa7f72bf63edeca25636f0b13ec5135296ca2ebb2,1,1636,76
0xa8454096f4a18e0252b411f670b3dd9d21465e75,1,8,3
0xa855c20a1351acd2690c716e2709c7dff3978d12,0,20,90
0xa85b419eee304563d3587fe934e932f056ca3c14,0,1897,63
0xa8660c8ffd6d578f657b72c0c811284aef0b735e,0,27792,136473
0xa86a60d53e6f474e049be54824551bb99f05adee,0,142,82
0xa888868100e2a027ed97425a2307958b99a9495f,1,190,164
0xa8ace92ea2d9174f75208ee44495f459e0491a96,0,2425,1514
0xa910f92acdaf488fa6ef02174fb86208ad7722ba,0,927013,1414145
0xa9aabbfa7d2f1a7e946186cdfe056c9693fe3841,0,718,467
0xaa6ac9f7500a42ca0e76e0176face67938daaa11,1,11,0
0xaa8cec9cbd7d051ba86d9deff1ec0775bd4b13c5,0,19447,13806
0xaa90b4aae74cee41e004bc45e45a427406c4dcae,0,36875,2274
0xaa9fa73dfe17ecaa2c89b39f0bb2779613c5fc3b,0,1653,6706
0xab11204cfeaccffa63c2d23aef2ea9accdb0a0d5,0,27273,129188
0xab2b2957d734d069b93227dfab93f1302f1930ab,0,554,374
0xab5c66752a9e8167967685f1450532fb96d5d24f,0,1070323,3883606
0xab83d182f3485cf1d6ccdd34c7cfef95b4c08da4,0,8434,22626
0xabc490af011c8e354b7d2112648883fe9e511695,1,24,1
0xac14590ad8184a48302f59a8baaf924b865de4c5,1,38,1
0xac1b275f272f15c226b4e099a4cbf4e53b366cc7,0,582,478
0xac57457748d66139ec89a6d1b13bf119a1efb31a,1,9,15
0xad54edbe26782a7c190eabc0b35869b0e66ffcce,0,52,27
0xad8ea3b0215e6efd9d2f2aa22baf6d494dbf7662,0,707,47
0xadb2b42f6bd96f5c65920b9ac88619dce4166f94,0,1004390,3533151
0xadb72986ead16bdbc99208086bd431c1aa38938e,0,2292,2992
0xae18c66ac8e11f1218e5b5d25535b935644b8c42,0,174,10
0xae7006588d03bd15d6954e3084a7e644596bc251,0,2120,3639
0xae9dcec1fb0814ca02ca1e6690d05f33488b4c8b,1,24,1
0xaec1f783b29aab2727d7c374aa55483fe299fefa,0,11552,4220
0xaeec6f5aca72f3a005af1b3420ab8c8c7009bac8,0,22766,384013
0xaf518d65f84e4695a4da0450ec02c1248f56b668,0,6550,35198
0xaf6a5b0998ff41355f3b4fe1ab96d89bd2c487d3,0,7370,4850
0xafa1c92a27215d1d1dad4fa89972e7c8d91218f9,0,3699,60
0xaff9e40f9b245b15a1d1bb45516ca213e682fa81,1,25,2
0xb018af916ed0116404537d1238b18988d652733a,0,2821,2025
0xb0608ca76d2ec6984f652829e887811516e4b846,1,27,1
0xb0c591788ac5f9638a8aea025019e626f17186df,0,502,43
0xb1c5d524382324c9472c6f8e1a3c0a64465a4902,0,243,123
0xb2930b35844a230f00e51431acae96fe543a0347,0,13499,2025019
0xb2bc3b9558a22a73edd531c590593f5e4e3370a7,0,333,203
0xb2cc3cdd53fc9a1aeaf3a68edeba2736238ddc5d,0,740,38169
0xb316cb2de8f2e6aed5a78a586f1c8dcc80c48802,0,6946,4608
0xb33f5f5172fce076e9355afcf2529982260b7a4b,0,534,353
0xb3775fb83f7d12a36e0475abdd1fca35c091efbe,0,458332,154562
0xb48c99c37b7cf4ac0a1c2dca518782c1feb4f066,1,28,1
0xb4e23d717ed13345498f100c9eacbb256916ae1a,0,1487,78
0xb4e817449b2fcdec82e69f02454b42fe95d4d1fd,0,546,39
0xb53e95a4b7c5e15a790df3a66709b2e9f1cf9e3f,1,19,8
0xb55d31e46428beb28234b62d5178dad5ec8ad8ca,0,19,839
0xb5a5a031d8b8577871384be6055b2ea29fac064c,0,1867,1331
0xb5eb9d18c0413535baf1fa8bd8bf8f6ea7fea47a,1,19,2
0xb619a34abac80478ae6a93527fdeaeeb0e51e934,1,5,0
0xb62ef4c58f3997424b0cceab28811633201706bc,0,171,44
0xb6ba1931e4e74fd080587688f6db10e830f810d5,0,35214,62703
0xb726da4fbdc3e4dbda97bb20998cf899b0e727e0,0,22174,86
0xb794f5ea0ba39494ce839613fffba74279579268,0,1013,225
0xb7f9fdb9f3f6142cf5e2b7bee8aeba059dfb091b,1,42,1
0xb85e52268cbf57b97ae15136aa65d4f567b8107c,0,5646,3925
0xb8cf411b956b3f9013c1d0ac8c909b086218207c,0,50450,28358
0xb952ccbc1893c4dd1701bde249e62fc3ed357967,0,3240,2461
0xb9b9b6aca1a0cf4ea4eb0ced466d66a62f8eb072,1,32,2
0xb9ee1e551f538a464e8f8c41e9904498505b49b0,0,595574,644062
0xb9ee29ff43d319c126ed2dbdd74d49a2659ede56,1,23,1
0xba2be1cd1f00470c21385b7cbed6211aefac0172,0,4472,3037
0xba826fec90cefdf6706858e5fbafcb27a290fbe0,0,295476,1258918
0xbaf18322ce288b08b2c58081fd0d1a9f03a9ea37,1,10,1
0xbafc0bf857ae9b8feaed937ac90e44d90a487c72,0,980,629
0xbc85a12364c9e375801c00aad17b893fc4c8f5b6,1,10,8
0xbd2ec7c608a06fe975dbdca729e84dedb34ecc21,0,950,3228
0xbd8ef191caa1571e8ad4619ae894e07a75de0c35,0,3350,3230
0xbdd5645986f492954465b5e407f7528c0cf88ffa,1,57,92
0xbe0eb53f46cd790cd13851d5eff43d12404d33e8,0,9060,6386
0xbf471cc7379befe3612cec5b6f24344415da4f24,1,93,87
0xc02d4bd00f642d2821e4279c810dd7b6e49264f8,0,31069,21245
0xc03281af336e2c25b41ff893a0e6ce1a932b23af,0,2226,2140
0xc04b5a4556d00bca8eac5f5acca31981a6597409,0,19247,14989
0xc0ded1d24c071ca13a905ec5e54a6ffdd0c4df68,1,11,1
0xc0e30823e5e628df8bc9bf2636a347e1512f0ecb,0,906,2589
0xc11cce040583640001f5a7e945dfd82f662cc0ae,0,933,599
0xc18166e01970be040d8c7761cdd1c3372ae1edf0,0,10442,6894
0xc1f9c01602043fcef642cc8601bda13ca29b7a9c,1,29,24
0xc2cce1f4190d4451c63cf591678c807679c3d728,0,1396,2
0xc31db08240a11df6a4c159ff4e6d69f484fc3828,0,4320,2820
0xc39e562defc6ddd1f44ee698cf9303092b86051d,0,73,7
0xc3caf142a41b0fae78a922c25fc0eecdcf0985d1,1,11,1
0xc42bfd4f93b46037888602c3e7e6e57d65e87e73,1,18,1
0xc4904676bfee9b5332033e6f7307433635346d21,0,4613,60
0xc4b1a260735fdc817409183db8594baf9f0b0f2f,1,18,1
0xc640b901a529c58fb6f6c53665768e2d5c835421,0,1066,128
0xc6725ae749677f21e4d8f85f41cfb6de49b9db29,0,181936,149741
0xc6aacdf2cb021515009098025a0ece472608918e,0,5617,3652
0xc78310231aa53bd3d0fea2f8c705c67730929d8f,0,686,168
0xc79ab28c5c03f1e7fbef056167364e6782f9ff4f,0,540,51
0xc7cd9d874f93f2409f39a95987b3e3c738313925,0,189,24
0xc839ee5542b4e8413246b3634c5c739fea949562,0,97,2167
0xc869af1617a9032a7c8ee60427027ba23cb9e4f8,0,5,76
0xc87b1bf162c1719e3ffdf34995d1853192d6633b,0,288,59
0xc893f7e271d1436ae3758cd59d5242884c02fb7f,0,19436,13646
0xc8bda09b2ddd5a3bf9465dde8d6e0bc3a19072f7,1,4,1
0xc91293245b669da19a96cd85d40bb9c203359657,1,4,1
0xc98f8c6b319ecceccaa9361ed5372274674f96cf,0,7445,379
0xc9f32ce1127e44c51cbd182d6364f3d707fd0d47,1,9,2
0xca48ba80cfa6cc06963b62aee48000f031c7e2dc,0,45,33
0xca4da1753336aa8340710e0e1a8c0bee2bfbf56c,1,23,5
0xcaa5854034d7eda409e2479c6c0351c167e21a08,1,29,1
0xcafe1a77e84698c83ca8931f54a755176ef75f2c,0,1148,224
0xcc13856ac5ec565c2ef8770a347a224351163dca,1,23,5
0xcc1aac4513f751effc94e259daf8a37b76f9db75,0,23,6
0xcc22cb1b6625b64e81909456111d76be6158dfbc,0,20,22268
0xcc7ecc050aab5843c79f14933e207f032bc16b78,1,38,3
0xcceed0b7185fbe7f69c083a6c0f6ff5910548d75,0,25237,12543
0xcde79393c6f0deb9b7b51579a386c853feb8e104,1,9,2
0xcde79f10b689a716029d0edb54de78b1bbc14957,0,14280,11998
0xce1bf8e51f8b39e51c6184e059786d1c0eaf360f,0,7712,123
0xce1e2b5ffe4d441abafd136768f24867101dfa50,0,3209,2116
0xce52a8dd7c8ad08e94b44620622e3630f7c1fc90,0,494,177
0xce52d38539e1e557f184f1073a59f69c9ba95f28,1,4,4
0xceebb2d0cdc85e9774a232bab74c45fc883c15e4,1,27,1
0xcf6ce585cb4a78a6f96e6c8722927161a696f337,0,4,1396
0xcf7787ca25010d3dbfa2ccc32ea58d2160290ef4,0,28,48
0xd0c1bdb51514f144f11169140d408c26bd89f9e5,0,2708,1746
0xd0db3c9cf4029bac5a9ed216cd174cba5dbf047c,0,9,2464
0xd1560b3984b7481cd9a8f40435a53c860187174d,0,49888,16407
0xd1ceeeeee83f8bcf3bedad437202b6154e9f5405,0,4345224,2152439
0xd1e12869f076f1fc88ced475144d372988bd6b97,1,26,2
0xd1e56c2e765180aa0371928fd4d1e41fbcda34d4,0,434,14297
0xd20e4d854c71de2428e1268167753e4c7070ae68,0,3594,222
0xd224ca0c819e8e97ba0136b3b95ceff503b79f53,0,32072,1014
0xd24400ae8bfebb18ca49be86258a3c749cf46853,0,421304,4556798
0xd289bc0a919e75b824f4dfc376e9f24c119ed3f3,1,9,4
0xd3273eba07248020bf98a8b560ec1576a612102f,0,1961,361993
0xd344539efe31f8b6de983a0cab4fb721fc69c547,0,67,0
0xd34da389374caad1a048fbdc4569aae33fd5a375,0,1108,1150424
0xd361339550cd8b3e9446bbb12aea337785a7aea4,0,1009,699
0xd3a3bace3d61f6f5d16a9b415d51813cd2ea3887,0,15391,10173
0xd4dcd2459bb78d7a645aa7e196857d421b10d93f,0,111291,213551
0xd52fcaf53cd3efd7e1d484fd9cd2dd21355063e5,1,14,1
0xd551234ae421e3bcba99a0da6d736074f22192ff,0,50701,7771378
0xd582cec308d9320b2ec3dc2868b56549fc8ace5a,1,13,1
0xd5bbb4264b70ca4f58c45d27b9d7e11190754a54,0,29,9799
0xd5e846494df899e0d7ea5e628501dfe420d2643b,1,22,4
0xd6572692be52881905dd59d4984cc7e61a2514e7,1,21,9
0xd7169672b25271d379cc2c022dfe0ceebb3f006f,0,607,374
0xd75496c0a6a36308cfda58e317ab97ea46b8f6b5,0,2242,5269
0xd780ae2bf04cd96e577d3d014762f831d97129d0,0,121865,1161
0xd787e430cf92d42fa28b7643e41ea1d871a19fff,1,18,1
0xd7b9a9b2f665849c4071ad5af77d8c76aa30fb32,0,1760920,3393
0xd7c866d0d536937bf9123e02f7c052446588189f,0,3458,6696
0xd8ddfd63696127b18911546b13856cf98a246ff4,1,37,7
0xd9f5599c07be8eb4bb420fb258af6c25c7154866,0,4547,3291
0xdb53ce480bac3ce96fdb79fae1156f80b6925e05,1,113,128
0xdb82af76f9ccddfe9e8f7996492f4c5bd5f9d53d,1,5,2
0xdb8c6862ea4f5cc843c4b3ed75eb8951714b7635,0,1367,10
0xdb9272880400e0ae8e522994f6a959122d94c7b7,0,7583,5022
0xdbbc7e7098f69ff271c7d12b75b53c099d3c883d,1,40,1
0xdc3896be3eb4bb3b3eb2f936348e942796078920,1,18,1
0xdc76cd25977e0a5ae17155770273ad58648900d3,0,1613,56488
0xdc9727d102f00adf0043d04431b6cd162c5114ea,0,510,190
0xdccdce28bba5b796724f1b50ab350403d895fe08,1,10,3
0xdccea2e783d873acb4ccfb7dead1004d90ad481d,1,37,4
0xdd0940c356ebe5bb23039bbf6c83f33c7d510dc9,1,30,5
0xdd44566108758d8c8224d303ef92492229014a2a,1,8,1
0xdd76b55ee6dafe0c7c978bff69206d476a5b9ce7,0,17140,69
0xdd9b82c59aa260b2a834ec67c472f43b40a2e6f1,0,7632,5486
0xddddddd1fd4e3708869c00cabe6b0b9d15181bb9,0,59478,29204
0xded605e5a25d7e6808d726a52257ac5e65b99475,1,19,1
0xdf398e0be9e0da2d8f8d687fd6b2c9082eefc29a,0,7,31
0xdf4d1b71aa4b8bb6814b2e5819844c3093a56349,0,443,51
0xdf5021a4c1401f1125cd347e394d977630e17cf7,0,42862,6430
0xdf76e7e26f6ee937f09a3f17f1d7047c0f928e12,0,2517,1608
0xdfa8e0d144b1bd7b9f08cd05a7726cc20121292f,1,6,4
0xe03c23519e18d64f144d2800e30e81b0065c48b5,0,355872,828037
0xe0569fd1c3f0affd7e08131a16c06f3381c9355a,0,16308,13930
0xe103038c907625be740aa467cf597c7e89d5c5ad,0,701,416
0xe112784753273ebede055968ecb78dcad8ff6da2,1,2,1
0xe17ee7b3c676701c66b395a35f0df4c2276a344e,0,105219,103971
0xe1f338e069f202f2113d32c8a5d1046d83c92ca4,0,9093,8746
0xe28e72fcf78647adce1f1252f240bbfaebd63bcc,0,635,576
0xe30ee6f6a973a07687c60be30c1b17818bc1c2a5,1,4,1
0xe3224fa0197de258ba065c35380d7dfd2396ec89,1,70,29
0xe477292f1b3268687a29376116b0ed27a9c76170,0,54044,15
0xe4bdced60430a90f31dba03524dd5d15a2670649,0,159,96718
0xe53730216bafc67e12d371047fa9f18fa4cfd93c,0,1169,737
0xe56303d8ff8c25c240f41d90fcaae1469c5b5f77,1,36,3
0xe5d0c3fea1e5f01ca4098e9580b93b3b5d0ea768,0,559,66
0xe606ab862d5ab58783b0eedee0839a2b47927ce8,1,25,133
0xe6517b766e6ee07f91b517435ed855926bcb1aae,0,25932,25286
0xe65c7e27c1c086f26ce0daa986c3d9c24ef3c2d8,0,1749,1100
0xe6a7a1d47ff21b6321162aea7c6cb457d5476bca,0,35,18499
0xe6eb070bcef81fd12a198ba03fe393e9ee4cb671,1,19,20
0xe76fe52a251c8f3a5dcd657e47a6c8d16fdf4bfa,0,147,237
0xe79eef9b9388a4ff70ed7ec5bccd5b928ebb8bd1,0,105535,161909
0xe7a06aab8286cef4206942a4891ee95a40e86466,1,57,1
0xe7cc576611c2df800862db667140a90cf9ec4b72,1,10,1
0xe804ad72e60503ed47d267351bdd3441ac1ccb03,0,736,196
0xe84a69675d316a639203b527919504b33e8d6f20,0,47,10
0xe853c56864a2ebe4576a807d26fdc4a0ada51919,0,1068,182
0xe855283086fbee485aecf2084345a91424c23954,0,1445,1213
0xe86d3a9bada1b7adcc32abde0522861b1dc7973a,0,1083,687
0xe88d6d63389d5c91e6348e379913f330739ad2c4,0,12275,9673
0xe8a0e282e6a3e8023465accd47fae39dd5db010b,0,6430,25399
0xe9203c8c8eeaeffefecffad6d883c3ea205a832b,0,1497,10
0xe93381fb4c4f14bda253907b18fad305d799241a,0,1778449,5676404
0xe94b04a0fed112f3664e45adb2b8915693dd5ff3,0,1654090,1653546
0xe9800c0b73a71be61d49a61fa3b2320ee524fb3d,0,67098,47339
0xe9eca8bb5e61e8e32f26b5e8c117561f68084a9c,0,9612,33
0xea3a46bd1dbd0620d80037f70d0bf7c7dc5a837c,0,2201,8569
0xea674fdde714fd979de3edf0f56aa9716b898ec8,0,685484,45653404
0xead6be34ce315940264519f250d8160f369fa5cd,0,22364,116197
0xeb32e949d214773ff718dfc92b4803bd14db15c1,1,9,1
0xeb6d43fe241fb2320b5a3c9be9cdfd4dd8226451,0,30378,91336
0xebbd58cd1c31c08ef7a17337c264ba502762e993,0,179,15
0xecf37af81b814d418b5cdf2ec985508888d7c67a,1,5,0
0xed3e80e059b0ab32b55048fe01c6c3386386e20c,0,2129,1478
0xed8204345a0cf4639d2db61a4877128fe5cf7599,0,302,3025
0xedbb72e6b3cf66a792bff7faac5ea769fe810517,0,63498,39980
0xedc0c49946b93aa296a11298480ae7913bb65222,1,19,15
0xedcc9346d266c78364f21b1aca88641be7ca73e1,0,2636,1990
0xee155572635ae7d1f4e30ec3179ce65b5342cb17,0,136,444
0xeea5b82b61424df8020f5fedd81767f2d0d25bfb,0,10478,198060
0xeeb70fd96f6c8838aeffb9d8dc042eab97b1bb09,1,13,3
0xeec606a66edb6f497662ea31b5eb1610da87ab5f,0,186119,474987
0xeed16856d551569d134530ee3967ec79995e2051,0,2297,373596
0xeee28d484628d41a82d01e21d12e2e78d69920da,0,978972,3535268
0xef21c67740da0b286ab3a431f1dd5409a41eff2d,0,453,313
0xf12d3f5d38c2408da3122cee1432e89c16522b3b,1,11,4
0xf261b3a60ef40ee0b369b0705c1a2c58b02799df,1,49,41
0xf2859ea69231af73609a1f22efd1059892915c77,0,1065,660
0xf346a9884bf8f858848268fb9d8ab31dae4b323f,0,2109,1442
0xf35074bbd0a9aee46f4ea137971feec024ab704e,0,1086,7503
0xf36b756013f80b162e8713fb37df7dda0cd7f143,1,5,2
0xf3b9d2c81f2b24b0fa0acaaa865b7d9ced5fc2fb,0,267,44
0xf3d1f26b31db83c8899626746d0bbc59d9dd223c,0,223,12434
0xf3ed5b15618494ddbd0a57b3bca8b2686ac0bc04,0,13031,9377
0xf4327c919854cb099ac574a22f5fba901e2025c4,0,3798,2482
0xf51b4021c6f1af31f44bf575188986e733a971fe,1,9,1
0xf591bbf70178bcaa80d306ab65755ab7038962cd,1,16,1
0xf5c8b99c64a5584a911d3aae4873b3581d48586e,0,1111,21
0xf6238cbc1b74b183e54d63a555f867baa00d92df,1,20,5
0xf6884686a999f5ae6c1af03db92bab9c6d7dc8de,1,41,35
0xf692c39b488e12ce9f9c926fe047ed77b07a18d3,0,9872,6734
0xf6ce1549a57f39238b47569a4787e25e5d695d22,1,32,7
0xf6f7cac4adef7e448cef8fceb14032e6e55a0dfa,1,5,3
0xf7355cb5278fc4be2f53ce373f7cd9b543d042a1,1,35,6
0xf73c3c65bde10bf26c2e1763104e609a41702efe,0,444491,987391
0xf76dea0a7ed40e379cc834cf94a6bdc59ac11044,1,11,1
0xf77149cac62f1b3df7d8d0cd951f152f28c72bb1,1,165,84
0xf7793d27a1b76cdf14db7c83e82c772cf7c92910,0,136536,173788
0xf7d58e6720696b8f46dc9270443d8beaeb8d9775,0,3220,63
0xf821fd99bca2111327b6a411c90be49dcf78ce0f,0,6342,89
0xf8366eddae63af9ce1104dfff47bc1e29c98362f,1,9,1
0xf8b483dba2c3b7176a3da549ad41a48bb3121069,0,22,275306
0xf8d04a720520d0bcbc722b1d21ca194aa22699f2,0,2114,63131
0xf977814e90da44bfa03b6295a0616a897441acec,0,42267,39145
0xfa4b5be3f2f84f56703c42eb22142744e95a2c58,0,184294,418372
0xfa52274dd61e1643d2205169732f29114bc240b3,0,2812597,2811965
0xfa968bc2e4768d431ffec4ee64307f8152e1c9f1,0,11489,7542
0xfb9f7f41319157ac5c5dccae308a63a4337ad5d9,0,61885,43451
0xfba4d50cab44f13102c0e270721e1cbefebd8922,0,32,338
0xfbb1b73c4f0bda4f67dca266ce6ef42f520fbb98,0,7588554,14148446
0xfbf2173154f7625713be22e0504404ebfe021eae,0,8291,31588
0xfbf6f29c126382cf15795bb209ee506a174cc709,1,51,8
0xfcce45b7768df12df0ca94d2765983540d366b3f,0,6225,4332
0xfd648cc72f1b4e71cbdda7a0a91fe34d32abd656,0,1892,2337
0xfdb16996831753d5331ff813c29a93c76834a0ad,0,1004803,3612420
0xfe75413e059eecf6eb2b92f06456276e8596862b,0,2380,1624
0xfe95e04a628087fcdd5f278e61f148b47471af4a,0,6345,464
0xfe9e8709d3215310075d67e3ed32a380ccf451c8,0,25012,1085
0xfef5497bc53a69875e02ae5b14eeff668f09a729,0,13039,13415
0xff1b891969773159366ab6310ff63a69ac4acffd,0,26,3036
0xff79b6660b02b4625e4faef219f297cb58c878c6,0,1844,1278
0xff8d1014da6382f4c07461fbd5f3bed733b229f1,0,3481,2251
